request_key,case_id,phase,action_type,value_missing,target_supplied,history_supplied,task_description,before_image,after_image,before_size,after_size,identical_decoded_pixels
4d83645acb43fed213df4476d532101ff0a3cb101011aa4349a04b02feb0d7dc,gold_v16_40k_000063__step_0000,interaction_assessment,CLICK,True,False,False,Look for the requested site information for the current task.,images/gold_v16_40k_000063/before_0001.png,images/gold_v16_40k_000063/after_0001.png,"(1280, 720)","(1280, 720)",False
bb7d5bd2a2479cb21436cec53e2344c213eead6ce0b61dc05f419a3a129fa049,gold_v16_40k_000063__step_0000,recovery_assessment,NAVIGATE,True,False,False,Look for the requested site information for the current task.,images/gold_v16_40k_000063/after_0001.png,images/gold_v16_40k_000063/after_0002.png,"(1280, 720)","(1280, 720)",False
f3f99de000dec90f1c5bdc35968e4463733deae9adfb9165b5ace9886d86bef8,gold_v16_40k_000068__step_0000,interaction_assessment,TYPE,True,False,False,Look for the requested page value for the current task.,images/gold_v16_40k_000068/before_0001.png,images/gold_v16_40k_000068/after_0001.png,"(1280, 720)","(1280, 720)",False
6c042c159c70ad54edf129b2f6af3deb2a83395dadcb7fcdef12343ecfa1cd63,gold_v16_40k_000068__step_0000,recovery_assessment,TYPE,True,False,False,Look for the requested page value for the current task.,images/gold_v16_40k_000068/after_0001.png,images/gold_v16_40k_000068/after_0002.png,"(1280, 720)","(1280, 720)",False
7411e9fe1687c3231ace9a445122d8e17dfb222a9ac4c4475df580e5c763e8cd,gold_v16_40k_000095__step_0001,interaction_assessment,CLICK,True,False,False,Locate the relevant page content for the current task.,images/gold_v16_40k_000095/before_0002.png,images/gold_v16_40k_000095/after_0002.png,"(1280, 720)","(1280, 720)",True
a6c861ad52801b2efac7dea58f33d144e7fe3a0335c56b46b8c904d12564d3b0,gold_v16_40k_000095__step_0001,recovery_assessment,CLICK,True,False,False,Locate the relevant page content for the current task.,images/gold_v16_40k_000095/after_0002.png,images/gold_v16_40k_000095/after_0003.png,"(1280, 720)","(1280, 720)",True
73b6c9c4dc768c7f08c5d6978ecb70e23421a90d04a7e914865e1c696020bc13,gold_v16_40k_000110__step_0001,interaction_assessment,SCROLL,True,False,False,Locate the relevant page content for the current task.,images/gold_v16_40k_000110/before_0002.png,images/gold_v16_40k_000110/after_0002.png,"(1280, 720)","(1280, 720)",False
d78198d52152736e099e3bec8940d67a9344759cecabfd35e4e35108611696ec,gold_v16_40k_000110__step_0001,recovery_assessment,SCROLL,True,False,False,Locate the relevant page content for the current task.,images/gold_v16_40k_000110/after_0002.png,images/gold_v16_40k_000110/after_0003.png,"(1280, 720)","(1280, 720)",False
149020b577769171ccb9904b6e7b730d31b2601d917a6ccded20c71b20dd5fdc,gold_v16_40k_000120__step_0002,interaction_assessment,NAVIGATE,True,False,False,Locate the relevant page content for the current task.,images/gold_v16_40k_000120/before_0003.png,images/gold_v16_40k_000120/after_0003.png,"(1280, 720)","(1280, 720)",True
5cd2c064a7581cdff44afe1553602c50bb5f8dda5d7c8042f14ae76c5d662aba,gold_v16_40k_000233__step_0000,interaction_assessment,PRESS_KEY,True,False,False,Locate the target page state for the current task.,images/gold_v16_40k_000233/before_0001.png,images/gold_v16_40k_000233/after_0001.png,"(1280, 720)","(1280, 720)",True
d8c351f757dac126dbef3b9251b65a74ba2dc0c701abfdb5c6878db1a1288edb,gold_v16_40k_000233__step_0000,recovery_assessment,PRESS_KEY,True,False,False,Locate the target page state for the current task.,images/gold_v16_40k_000233/after_0001.png,images/gold_v16_40k_000233/after_0002.png,"(1280, 720)","(1280, 720)",False
ca29e57f7c2e7ee9164252fa19900cfd70429f45869cc9622ff44d413cd5bb11,gold_v16_40k_000238__step_0000,interaction_assessment,NAVIGATE,True,False,False,Locate the target web resource for the current task.,images/gold_v16_40k_000238/before_0001.png,images/gold_v16_40k_000238/after_0001.png,"(1280, 720)","(1280, 720)",False
f492b6ae343a8a01aba10c544650dd8e03a58ffc6018b9ea9b9d022476f098cf,gold_v16_40k_000238__step_0000,recovery_assessment,NAVIGATE,True,False,False,Locate the target web resource for the current task.,images/gold_v16_40k_000238/after_0001.png,images/gold_v16_40k_000238/after_0002.png,"(1280, 720)","(1280, 720)",False
2c2d2f70e8a918b6417c20e7928fddd3cbd418c6d69efb21a0708a3db9758df0,gold_v16_40k_000250__step_0002,interaction_assessment,TYPE,True,False,False,Look for the target page state for the current task.,images/gold_v16_40k_000250/before_0003.png,images/gold_v16_40k_000250/after_0003.png,"(1280, 720)","(1280, 720)",True
c35d5bf0358dddfdfc02b13ee879da453f8e9d9a80eee8853b3c812ebecbe924,gold_v16_40k_000265__step_0002,interaction_assessment,PRESS_KEY,True,False,False,Look for the target page state for the current task.,images/gold_v16_40k_000265/before_0003.png,images/gold_v16_40k_000265/after_0003.png,"(1280, 720)","(1280, 720)",False
01b0e44a6da9234367de9cb39ad6509cfa140d4319f285696632fc509a0d691e,gold_v16_40k_000378__step_0000,interaction_assessment,SCROLL,True,False,False,Look for the needed reference material for the current task.,images/gold_v16_40k_000378/before_0001.png,images/gold_v16_40k_000378/after_0001.png,"(1280, 720)","(1280, 720)",False
2d0a13589d649fd060f17202a57eda9237937ea4e92518220dab48bd49c6b8ca,gold_v16_40k_000378__step_0000,recovery_assessment,SCROLL,True,False,False,Look for the needed reference material for the current task.,images/gold_v16_40k_000378/after_0001.png,images/gold_v16_40k_000378/after_0002.png,"(1280, 720)","(1280, 720)",False
678eb91b1ad9fd23dc4df338c0e8e4fd15963c856fc555f0ea78ff0a45b4216b,gold_v16_40k_000405__step_0000,interaction_assessment,SELECT,True,False,False,Locate the needed page setting for the current task.,images/gold_v16_40k_000405/before_0001.png,images/gold_v16_40k_000405/after_0001.png,"(1280, 720)","(1280, 720)",False
e8e51f6b0952727ab613f3959dde4a9a0c03d1bad54e58c3d545a21f98c5fc79,gold_v16_40k_000405__step_0000,recovery_assessment,SELECT,True,False,False,Locate the needed page setting for the current task.,images/gold_v16_40k_000405/after_0001.png,images/gold_v16_40k_000405/after_0002.png,"(1280, 720)","(1280, 720)",True
4b83595ac593f776e2cd9c88dbb232024e81abce622be160e7250f83a7c4760e,gold_v16_40k_000410__step_0001,interaction_assessment,SCROLL,True,False,False,Locate the requested page section for the current task.,images/gold_v16_40k_000410/before_0002.png,images/gold_v16_40k_000410/after_0002.png,"(1280, 720)","(1280, 720)",False
d7c142b73e267b5a71d38813130839815d2b52b5b0143caaf6f85795634effc8,gold_v16_40k_000410__step_0001,recovery_assessment,SCROLL,True,False,False,Locate the requested page section for the current task.,images/gold_v16_40k_000410/after_0002.png,images/gold_v16_40k_000410/after_0003.png,"(1280, 720)","(1280, 720)",False
fb6a485c8b325abdadc674658192b95e166f959a03d094013d69cc03e9c4a138,gold_v16_40k_000479__step_0001,interaction_assessment,NAVIGATE,True,False,False,Look for the requested page section for the current task.,images/gold_v16_40k_000479/before_0002.png,images/gold_v16_40k_000479/after_0002.png,"(1280, 720)","(1280, 720)",True
9e8db1343e7530e9670b8a1f44319e073a11c63608d319e3f07f886218b84932,gold_v16_40k_000518__step_0000,interaction_assessment,TYPE,True,False,False,Locate the target form state for the current task.,images/gold_v16_40k_000518/before_0001.png,images/gold_v16_40k_000518/after_0001.png,"(1280, 720)","(1280, 720)",False
9baccd659a2e2d20fc5fae3a62cbe170c56eee048bcd3a4da3390630bc84faff,gold_v16_40k_000518__step_0000,recovery_assessment,TYPE,True,False,False,Locate the target form state for the current task.,images/gold_v16_40k_000518/after_0001.png,images/gold_v16_40k_000518/after_0002.png,"(1280, 720)","(1280, 720)",False
5109a36c6046bac0aa170c3623ed33b5af95cf967ad8661d106818a4aaa3b8ea,gold_v16_40k_000538__step_0000,interaction_assessment,NAVIGATE,True,False,False,Locate the relevant project details for the current task.,images/gold_v16_40k_000538/before_0001.png,images/gold_v16_40k_000538/after_0001.png,"(1280, 720)","(1280, 720)",False
524e12679d31b1173539cabe38ad29a37c9b781dad427d40d2e64ffe7e32f12a,gold_v16_40k_000538__step_0000,recovery_assessment,NAVIGATE,True,False,False,Locate the relevant project details for the current task.,images/gold_v16_40k_000538/after_0001.png,images/gold_v16_40k_000538/after_0002.png,"(1280, 720)","(1280, 720)",False
3dd714ddb89cb8a0ad87d7e9a5e93819f588c2125a34a65ca2d83478d3466e06,gold_v16_40k_000566__step_0000,interaction_assessment,NAVIGATE,True,False,False,Look for the needed reference material for the current task.,images/gold_v16_40k_000566/before_0001.png,images/gold_v16_40k_000566/after_0001.png,"(1280, 720)","(1280, 720)",False
47a214593f46d58eb73c7662d19ce911442767be4551d6133c8e36e7a06eafa3,gold_v16_40k_000813__step_0000,interaction_assessment,CLICK,True,False,False,Locate the requested reference content for the current task.,images/gold_v16_40k_000813/before_0001.png,images/gold_v16_40k_000813/after_0001.png,"(1280, 720)","(1280, 720)",False
0ccfd3840b6462041fc9bd89f4d6e90cd87358851a3d562128b35879090dfe90,gold_v16_40k_000813__step_0000,recovery_assessment,NAVIGATE,True,False,False,Locate the requested reference content for the current task.,images/gold_v16_40k_000813/after_0001.png,images/gold_v16_40k_000813/after_0002.png,"(1280, 720)","(1280, 720)",False
7f83a9bec5e43c4b2d801714d768db90fdc8e3153775b78de4c4e473f28ab83e,gold_v16_40k_000909__step_0001,interaction_assessment,TYPE,True,False,False,Locate the requested interaction state for the current task.,images/gold_v16_40k_000909/before_0002.png,images/gold_v16_40k_000909/after_0002.png,"(1280, 720)","(1280, 720)",True
fb67559b90eee9151455e533ec788f40fd1cee458bf4fb4b82522aba982bb9ba,gold_v16_40k_000963__step_0000,interaction_assessment,CLICK,True,False,False,Look for the relevant information page for the current task.,images/gold_v16_40k_000963/before_0001.png,images/gold_v16_40k_000963/after_0001.png,"(1280, 720)","(1280, 720)",False
d67591e63edfbe44e1a8afc0be01dd4289164ba1e26a11995067d3277085a62d,gold_v16_40k_000963__step_0000,recovery_assessment,NAVIGATE,True,False,False,Look for the relevant information page for the current task.,images/gold_v16_40k_000963/after_0001.png,images/gold_v16_40k_000963/after_0002.png,"(1280, 720)","(1280, 720)",False
582761458525dfd52c9e2bf16de3ebe0028c58c5622f156aba65e20008c4fb65,gold_v16_40k_001000__step_0000,interaction_assessment,TYPE,True,False,False,Locate the requested page value for the requested result.,images/gold_v16_40k_001000/before_0001.png,images/gold_v16_40k_001000/after_0001.png,"(1280, 720)","(1280, 720)",False
8a070d7e9ddff28c531244ab4a706e96d3db1e4c21371d2769bf1a332f4ba8c2,gold_v16_40k_001000__step_0000,recovery_assessment,TYPE,True,False,False,Locate the requested page value for the requested result.,images/gold_v16_40k_001000/after_0001.png,images/gold_v16_40k_001000/after_0002.png,"(1280, 720)","(1280, 720)",True
f8f5fe3d78d9e59daff3356527e659263673e200487d959dc8799b897a36c93e,gold_v16_40k_001059__step_0000,interaction_assessment,TYPE,True,False,False,Look for the requested page value for the requested result.,images/gold_v16_40k_001059/before_0001.png,images/gold_v16_40k_001059/after_0001.png,"(1280, 720)","(1280, 720)",False
8e86fb594e4db427cf852d0f3b4fa738ee73b12fd40897c1477850bad6eb30b6,gold_v16_40k_001059__step_0000,recovery_assessment,TYPE,True,False,False,Look for the requested page value for the requested result.,images/gold_v16_40k_001059/after_0001.png,images/gold_v16_40k_001059/after_0002.png,"(1280, 720)","(1280, 720)",False
1d8d49de64bc919d40cb58dd1f3a6278195558f60165a09b56ff2bf6cb2efea5,gold_v16_40k_001128__step_0001,interaction_assessment,SCROLL,True,False,False,Locate the relevant page content for the requested result.,images/gold_v16_40k_001128/before_0002.png,images/gold_v16_40k_001128/after_0002.png,"(1280, 720)","(1280, 720)",False
92e3691c43bae6562de3f92d7d07686d0d885ed1da7ba217c3c93ac1d3eb11ac,gold_v16_40k_001145__step_0000,interaction_assessment,CLICK,True,False,False,Look for the relevant page content for the requested result.,images/gold_v16_40k_001145/before_0001.png,images/gold_v16_40k_001145/after_0001.png,"(1280, 720)","(1280, 720)",False
78385e91cc6d6fa8007318fe0e863a01155936d9e248f4ccd3c5eeb875d21d04,gold_v16_40k_001145__step_0000,recovery_assessment,CLICK,True,False,False,Look for the relevant page content for the requested result.,images/gold_v16_40k_001145/after_0001.png,images/gold_v16_40k_001145/after_0002.png,"(1280, 720)","(1280, 720)",False
6dce7ee53e9a1f728805fbb7abaf34d3012d03b16434512c55f9d0e87f7acab1,gold_v16_40k_001145__step_0002,interaction_assessment,CLICK,True,False,False,Look for the relevant page content for the requested result.,images/gold_v16_40k_001145/before_0003.png,images/gold_v16_40k_001145/after_0003.png,"(1280, 720)","(1280, 720)",False
a8f94cf68440a9868ed8cbcb4965d36bad9d0b4d369ed352dca080b3348e4c08,gold_v16_40k_001155__step_0002,interaction_assessment,SELECT,True,False,False,Look for the required page preference for the requested result.,images/gold_v16_40k_001155/before_0003.png,images/gold_v16_40k_001155/after_0003.png,"(1280, 720)","(1280, 720)",False
850346bf56351e31d66d6f3d19b17f86a30b384c246ee7667c61e463ebb27485,gold_v16_40k_001278__step_0000,interaction_assessment,SCROLL,True,False,False,Look for the target web resource for the requested result.,images/gold_v16_40k_001278/before_0001.png,images/gold_v16_40k_001278/after_0001.png,"(1280, 720)","(1280, 720)",False
e9e6c7bc41db2bc8ea2e80ffea09332efd6844a22d397ae9d0aff6aa2cc39dac,gold_v16_40k_001278__step_0000,recovery_assessment,SCROLL,True,False,False,Look for the target web resource for the requested result.,images/gold_v16_40k_001278/after_0001.png,images/gold_v16_40k_001278/after_0002.png,"(1280, 720)","(1280, 720)",False
7975c30e5db224f401db2065bc7037c1a85591f0bc2f7a82d5e537a29901283e,gold_v16_40k_001283__step_0000,interaction_assessment,PRESS_KEY,True,False,False,Look for the target page state for the requested result.,images/gold_v16_40k_001283/before_0001.png,images/gold_v16_40k_001283/after_0001.png,"(1280, 720)","(1280, 720)",True
3ef72fbc532135482da6bb7b366b322e11d868251c5b68ebfb279b7b3bfdc17f,gold_v16_40k_001283__step_0000,recovery_assessment,PRESS_KEY,True,False,False,Look for the target page state for the requested result.,images/gold_v16_40k_001283/after_0001.png,images/gold_v16_40k_001283/after_0002.png,"(1280, 720)","(1280, 720)",False
f495b8c5cf8f17484d449002fc60751b6cdc7f9a8144d2356ad41baa5633d2ec,gold_v16_40k_001305__step_0001,interaction_assessment,SELECT,True,False,False,Locate the requested lookup value for the requested result.,images/gold_v16_40k_001305/before_0002.png,images/gold_v16_40k_001305/after_0002.png,"(1280, 720)","(1280, 720)",True
12cd40d4adf28484ef2bcde1079277fe4e6345fb2e79d73958c2981216769479,gold_v16_40k_001305__step_0001,recovery_assessment,SELECT,True,False,False,Locate the requested lookup value for the requested result.,images/gold_v16_40k_001305/after_0002.png,images/gold_v16_40k_001305/after_0003.png,"(1280, 720)","(1280, 720)",True
f397b86be667c496ab38e3d81d79a92d3a14e5a31690a7ecedf9dddcbdc7b9b5,gold_v16_40k_001470__step_0001,interaction_assessment,NAVIGATE,True,False,False,Look for the requested page section for the requested result.,images/gold_v16_40k_001470/before_0002.png,images/gold_v16_40k_001470/after_0002.png,"(1280, 720)","(1280, 720)",True
3cf6b9ca41d6b05400f958a5cae42865f49014f98b7209180b8ca400e096db79,gold_v16_40k_001470__step_0001,recovery_assessment,NAVIGATE,True,False,False,Look for the requested page section for the requested result.,images/gold_v16_40k_001470/after_0002.png,images/gold_v16_40k_001470/after_0003.png,"(1280, 720)","(1280, 720)",True
dc809c3175c4ecd7a93f58113da508722dabee17a0cee4d239790e9dd79ac1dc,gold_v16_40k_001568__step_0000,interaction_assessment,TYPE,True,False,False,Look for the target form state for the requested result.,images/gold_v16_40k_001568/before_0001.png,images/gold_v16_40k_001568/after_0001.png,"(1280, 720)","(1280, 720)",False
63cd971ef1fce211f13849d3ef328d3903b61433fc39657fce4ab1be0d1e8932,gold_v16_40k_001568__step_0000,recovery_assessment,TYPE,True,False,False,Look for the target form state for the requested result.,images/gold_v16_40k_001568/after_0001.png,images/gold_v16_40k_001568/after_0002.png,"(1280, 720)","(1280, 720)",False
49f5bb7911baa6575296cb51ae0c414136b15150a0ef3d3bd268f8fc8328440a,gold_v16_40k_001620__step_0002,interaction_assessment,NAVIGATE,True,False,False,Locate the target information area for the requested result.,images/gold_v16_40k_001620/before_0003.png,images/gold_v16_40k_001620/after_0003.png,"(1280, 720)","(1280, 720)",False
cc746ff3a969c36b8c90433009ecc6a8c2be6de09df40e74155a8e8e10ce2aeb,gold_v16_40k_001674__step_0000,interaction_assessment,PRESS_KEY,True,False,False,Look for the requested search state for the requested result.,images/gold_v16_40k_001674/before_0001.png,images/gold_v16_40k_001674/after_0001.png,"(1280, 720)","(1280, 720)",False
023f36238392906c4cd446ed4ae2d5aaceab07cf2637051fb85988f2262741fd,gold_v16_40k_001674__step_0000,recovery_assessment,PRESS_KEY,True,False,False,Look for the requested search state for the requested result.,images/gold_v16_40k_001674/after_0001.png,images/gold_v16_40k_001674/after_0002.png,"(1280, 720)","(1280, 720)",False
1b93a2bc97390c5251e09e2329e287e63966aaa2cf234470f501d2bfe0222c01,gold_v16_40k_001738__step_0000,interaction_assessment,NAVIGATE,True,False,False,Locate the needed site resource for the requested result.,images/gold_v16_40k_001738/before_0001.png,images/gold_v16_40k_001738/after_0001.png,"(1280, 720)","(1280, 720)",False
094c784d8692de96ce021a9502c544e8ae9ebbb7fea89873830b6958ba101b5a,gold_v16_40k_001738__step_0000,recovery_assessment,NAVIGATE,True,False,False,Locate the needed site resource for the requested result.,images/gold_v16_40k_001738/after_0001.png,images/gold_v16_40k_001738/after_0002.png,"(1280, 720)","(1280, 720)",False
1f71c6bec8265fc357566b27db22b93cffbf33244cdba53951c0a2594ba71117,gold_v16_40k_001905__step_0001,interaction_assessment,SELECT,True,False,False,Locate the requested interaction state for the requested result.,images/gold_v16_40k_001905/before_0002.png,images/gold_v16_40k_001905/after_0002.png,"(1280, 720)","(1280, 720)",False
ecee896901318f2e05e6667e2956ab3f46af58d0b2abcefe996ec3121fffa472,gold_v16_40k_001905__step_0001,recovery_assessment,SELECT,True,False,False,Locate the requested interaction state for the requested result.,images/gold_v16_40k_001905/after_0002.png,images/gold_v16_40k_001905/after_0003.png,"(1280, 720)","(1280, 720)",False
c2ec56a4168a82c683c3ff87d77ba4d410f5cb35a345184439cac6fd9f1f1b27,gold_v16_40k_002041__step_0000,interaction_assessment,CLICK,True,False,False,Look for the needed reference material for the requested result.,images/gold_v16_40k_002041/before_0001.png,images/gold_v16_40k_002041/after_0001.png,"(1280, 720)","(1280, 720)",False
c1a6018dd61359ea8b0b8908f298697f6aedd3fb345262fbbd08ddff829506df,gold_v16_40k_002050__step_0001,interaction_assessment,TYPE,True,False,False,Look for the requested page value for this page goal.,images/gold_v16_40k_002050/before_0002.png,images/gold_v16_40k_002050/after_0002.png,"(1280, 720)","(1280, 720)",True
15094e2d57a934b0d3bd8eb2af7671baecbe5d11c8f9a0a7667454dd2482545e,gold_v16_40k_002050__step_0001,recovery_assessment,TYPE,True,False,False,Look for the requested page value for this page goal.,images/gold_v16_40k_002050/after_0002.png,images/gold_v16_40k_002050/after_0003.png,"(1280, 720)","(1280, 720)",True
cbf508a0d0814e728dcb3e085bbc190d39ddbe9adf228af8042f97db45524059,gold_v16_40k_002055__step_0002,interaction_assessment,SELECT,True,False,False,Look for the requested page value for this page goal.,images/gold_v16_40k_002055/before_0003.png,images/gold_v16_40k_002055/after_0003.png,"(1280, 720)","(1280, 720)",True
76f74247148e252bbf675056a0589b30e43bb45396bbfd3d848fee08ccfe062a,gold_v16_40k_002183__step_0000,interaction_assessment,PRESS_KEY,True,False,False,Look for the required page preference for this page goal.,images/gold_v16_40k_002183/before_0001.png,images/gold_v16_40k_002183/after_0001.png,"(1280, 720)","(1280, 720)",True
b2668f69ef69001ca8d903a9cfd1e5aaf8c8a7cd1a347072dc34749d0d088805,gold_v16_40k_002183__step_0000,recovery_assessment,PRESS_KEY,True,False,False,Look for the required page preference for this page goal.,images/gold_v16_40k_002183/after_0001.png,images/gold_v16_40k_002183/after_0002.png,"(1280, 720)","(1280, 720)",False
7b2b2157f4d5b23ff6331131da9a67190ef61d176ab45c67c56fcbd2128003d9,gold_v16_40k_002215__step_0001,interaction_assessment,PRESS_KEY,True,False,False,Locate the target page state for this page goal.,images/gold_v16_40k_002215/before_0002.png,images/gold_v16_40k_002215/after_0002.png,"(1280, 720)","(1280, 720)",True
6362b2bebc69f7f6908cebe240f4478e5e41eb13c25e1f0e7893b26587a6d58e,gold_v16_40k_002215__step_0001,recovery_assessment,PRESS_KEY,True,False,False,Locate the target page state for this page goal.,images/gold_v16_40k_002215/after_0002.png,images/gold_v16_40k_002215/after_0003.png,"(1280, 720)","(1280, 720)",True
9c52bf9e9462945ac431e056d4634f041a135ff47baf77cfe37a41f0ceecb2f5,gold_v16_40k_002220__step_0001,interaction_assessment,NAVIGATE,True,False,False,Locate the target web resource for this page goal.,images/gold_v16_40k_002220/before_0002.png,images/gold_v16_40k_002220/after_0002.png,"(1280, 720)","(1280, 720)",False
5cdbe4b909c008a74fe602d4d3cd91914f3dbf86218db296101403e3b3463564,gold_v16_40k_002220__step_0001,recovery_assessment,NAVIGATE,True,False,False,Locate the target web resource for this page goal.,images/gold_v16_40k_002220/after_0002.png,images/gold_v16_40k_002220/after_0003.png,"(1280, 720)","(1280, 720)",False
709f17a4bcd58c7e0d9227b4c3062de8a51d07021a7ecb092bd350869ae23dc5,gold_v16_40k_002350__step_0001,interaction_assessment,TYPE,True,False,False,Look for the requested lookup value for this page goal.,images/gold_v16_40k_002350/before_0002.png,images/gold_v16_40k_002350/after_0002.png,"(1280, 720)","(1280, 720)",True
bfca6cea44b52b5c67adc5330ebc1633d084e1365bbd2ffa03cf4c5e7cf96a94,gold_v16_40k_002350__step_0001,recovery_assessment,TYPE,True,False,False,Look for the requested lookup value for this page goal.,images/gold_v16_40k_002350/after_0002.png,images/gold_v16_40k_002350/after_0003.png,"(1280, 720)","(1280, 720)",True
066506319825c8692fd672722f72b33b96a68826da20bfe674b7afbe7b7c9ab3,gold_v16_40k_002366__step_0000,interaction_assessment,NAVIGATE,True,False,False,Look for the relevant project details for the requested result.,images/gold_v16_40k_002366/before_0001.png,images/gold_v16_40k_002366/after_0001.png,"(1280, 720)","(1280, 720)",False
061c95cd0228c8c0df699283b90f3b802d38b4b7234a4a91d3a578e3c8efccf7,gold_v16_40k_002510__step_0001,interaction_assessment,SCROLL,True,False,False,Locate the relevant project details for this page goal.,images/gold_v16_40k_002510/before_0002.png,images/gold_v16_40k_002510/after_0002.png,"(1280, 720)","(1280, 720)",False
79635ca4501e3774506577d64e21d29c0b9d096d23ac37c9e5fb12e365bd65fd,gold_v16_40k_002510__step_0001,recovery_assessment,SCROLL,True,False,False,Locate the relevant project details for this page goal.,images/gold_v16_40k_002510/after_0002.png,images/gold_v16_40k_002510/after_0003.png,"(1280, 720)","(1280, 720)",False
d1124639b0a395e62d1efdc577a0efc6308db6c3a86f9a8fd53df7cc7db43840,gold_v16_40k_002613__step_0000,interaction_assessment,CLICK,True,False,False,Locate the target information area for this page goal.,images/gold_v16_40k_002613/before_0001.png,images/gold_v16_40k_002613/after_0001.png,"(1280, 720)","(1280, 720)",False
e2a07b45e98181744c516509160544b97eb8a40fee8006f2a72327ee08ae4c96,gold_v16_40k_002613__step_0000,recovery_assessment,NAVIGATE,True,False,False,Locate the target information area for this page goal.,images/gold_v16_40k_002613/after_0001.png,images/gold_v16_40k_002613/after_0002.png,"(1280, 720)","(1280, 720)",False
4c5da838c32011c24f39694406dd5b8c703667096ba06be20eb781d7f5d337ac,gold_v16_40k_002628__step_0000,interaction_assessment,SCROLL,True,False,False,Locate the target information area for this page goal.,images/gold_v16_40k_002628/before_0001.png,images/gold_v16_40k_002628/after_0001.png,"(1280, 720)","(1280, 720)",False
b44e4d79ebb9202472b91c04d786820a80967a7f05b2cf6b07a1edd6c2093790,gold_v16_40k_002628__step_0000,recovery_assessment,SCROLL,True,False,False,Locate the target information area for this page goal.,images/gold_v16_40k_002628/after_0001.png,images/gold_v16_40k_002628/after_0002.png,"(1280, 720)","(1280, 720)",False
44a23bad6bdb47838950a3fb895d92b205a965c5eaf214fcfafb2a875e404816,gold_v16_40k_002656__step_0000,interaction_assessment,SCROLL,True,False,False,Look for the needed site resource for the requested result.,images/gold_v16_40k_002656/before_0001.png,images/gold_v16_40k_002656/after_0001.png,"(1280, 720)","(1280, 720)",False
b3537f9686d6ce7a683c7029e49c70be6eea38649b3ee09c6811c3819890ba5a,gold_v16_40k_002763__step_0000,interaction_assessment,CLICK,True,False,False,Look for the needed site resource for this page goal.,images/gold_v16_40k_002763/before_0001.png,images/gold_v16_40k_002763/after_0001.png,"(1280, 720)","(1280, 720)",False
2520bbf7d3634966c87e9f93385a59f0d7360c10e46d5056275196e789c0c6b0,gold_v16_40k_002763__step_0000,recovery_assessment,NAVIGATE,True,False,False,Look for the needed site resource for this page goal.,images/gold_v16_40k_002763/after_0001.png,images/gold_v16_40k_002763/after_0002.png,"(1280, 720)","(1280, 720)",False
3b509deaf7cb7096e6842da41ebaba7d5f95e9b8c04e98595d77129244ab8b3a,gold_v16_40k_002815__step_0001,interaction_assessment,PRESS_KEY,True,False,False,Locate the needed form setting for this page goal.,images/gold_v16_40k_002815/before_0002.png,images/gold_v16_40k_002815/after_0002.png,"(1280, 720)","(1280, 720)",True
0dae7a36ed20e847557303dd7fe92090d460a28ace3c09767c0d85303d3f6126,gold_v16_40k_002815__step_0001,recovery_assessment,PRESS_KEY,True,False,False,Locate the needed form setting for this page goal.,images/gold_v16_40k_002815/after_0002.png,images/gold_v16_40k_002815/after_0003.png,"(1280, 720)","(1280, 720)",True
1fe35a4c1b725019b5c2ae42c6b22193e12a1886e406b87580784d3ef71cf4ce,gold_v16_40k_002913__step_0002,interaction_assessment,CLICK,True,False,False,Locate the relevant information page for this page goal.,images/gold_v16_40k_002913/before_0003.png,images/gold_v16_40k_002913/after_0003.png,"(1280, 720)","(1280, 720)",False
d33b33b3007d5080e634a1419807a26f711e2c22a5e934b0255bb6ee6021989e,gold_v16_40k_002945__step_0002,interaction_assessment,CLICK,True,False,False,Look for the relevant information page for this page goal.,images/gold_v16_40k_002945/before_0003.png,images/gold_v16_40k_002945/after_0003.png,"(1280, 720)","(1280, 720)",False
460136da013c36b75eb702a9ae7e8e82704bf034c7b4932a3b5e416ff55041b6,gold_v16_40k_003228__step_0001,interaction_assessment,SCROLL,True,False,False,Locate the target web resource for the next task step.,images/gold_v16_40k_003228/before_0002.png,images/gold_v16_40k_003228/after_0002.png,"(1280, 720)","(1280, 720)",False
1f159f9fa178ff92b705bc650f52f19c7137e286c670b84685e2b8b436c082ba,gold_v16_40k_003255__step_0001,interaction_assessment,SELECT,True,False,False,Look for the target page state for the next task step.,images/gold_v16_40k_003255/before_0002.png,images/gold_v16_40k_003255/after_0002.png,"(1280, 720)","(1280, 720)",False
7a346513995857bb29074f7fdf7a0b0d889fa38fdc6f3fd4570842da26af3953,gold_v16_40k_003255__step_0001,recovery_assessment,SELECT,True,False,False,Look for the target page state for the next task step.,images/gold_v16_40k_003255/after_0002.png,images/gold_v16_40k_003255/after_0003.png,"(1280, 720)","(1280, 720)",False
eac585c8ac3d5aa480622a937213699ee1649a4e57215f6398b5d94421353bf3,gold_v16_40k_003363__step_0002,interaction_assessment,CLICK,True,False,False,Look for the needed reference material for the next task step.,images/gold_v16_40k_003363/before_0003.png,images/gold_v16_40k_003363/after_0003.png,"(1280, 720)","(1280, 720)",False
f7c7d4a685a042a9c7e460eb7629c41a3bde231a14ced948db95884222675755,gold_v16_40k_003368__step_0001,interaction_assessment,TYPE,True,False,False,Look for the requested lookup value for the next task step.,images/gold_v16_40k_003368/before_0002.png,images/gold_v16_40k_003368/after_0002.png,"(1280, 720)","(1280, 720)",False
5dc69cb1a8e40f9ed38f41af2612e6fa51265e79b7faf234fb7f8ed578b20e17,gold_v16_40k_003383__step_0000,interaction_assessment,PRESS_KEY,True,False,False,Look for the requested lookup value for the next task step.,images/gold_v16_40k_003383/before_0001.png,images/gold_v16_40k_003383/after_0001.png,"(1280, 720)","(1280, 720)",True
ce69bffc5d88b0bc4fc03e81ccb66cb6b59dfc0718886691bf5dbb66570c87b3,gold_v16_40k_003383__step_0000,recovery_assessment,PRESS_KEY,True,False,False,Look for the requested lookup value for the next task step.,images/gold_v16_40k_003383/after_0001.png,images/gold_v16_40k_003383/after_0002.png,"(1280, 720)","(1280, 720)",False
0b6d62b8d805996b269e8981fdc5dcb2c45f496fb9363629993101239d84d28d,gold_v16_40k_003388__step_0000,interaction_assessment,NAVIGATE,True,False,False,Look for the needed reference material for the next task step.,images/gold_v16_40k_003388/before_0001.png,images/gold_v16_40k_003388/after_0001.png,"(1280, 720)","(1280, 720)",False
dc7968da14036c1c14cba89f5451e78b2c3b3821ea835700610f3a1f12fda496,gold_v16_40k_003388__step_0000,recovery_assessment,NAVIGATE,True,False,False,Look for the needed reference material for the next task step.,images/gold_v16_40k_003388/after_0001.png,images/gold_v16_40k_003388/after_0002.png,"(1280, 720)","(1280, 720)",False
c4a86e294ad55eac856fa4dab79e5c61cc600155e09cda4562331662fb8e02ef,gold_v16_40k_003400__step_0000,interaction_assessment,TYPE,True,False,False,Locate the needed page setting for the next task step.,images/gold_v16_40k_003400/before_0001.png,images/gold_v16_40k_003400/after_0001.png,"(1280, 720)","(1280, 720)",False
df4810404138fd08318ff235df3048e0496b178d815b21ce6af7c536def6d849,gold_v16_40k_003400__step_0000,recovery_assessment,TYPE,True,False,False,Locate the needed page setting for the next task step.,images/gold_v16_40k_003400/after_0001.png,images/gold_v16_40k_003400/after_0002.png,"(1280, 720)","(1280, 720)",True
f362e200a989a95def0f1d044a115a8d51d266a5be836c60e51af68e9bbdb3e5,gold_v16_40k_003410__step_0002,interaction_assessment,SCROLL,True,False,False,Locate the requested page section for the next task step.,images/gold_v16_40k_003410/before_0003.png,images/gold_v16_40k_003410/after_0003.png,"(1280, 720)","(1280, 720)",True
3941ffd80c0524c97006b0291fc6aa50b5b16a0b1dd8f6fcf44a0214547236d9,gold_v16_40k_003452__step_0000,interaction_assessment,CLICK,True,False,False,Locate the needed reference material for this page goal.,images/gold_v16_40k_003452/before_0001.png,images/gold_v16_40k_003452/after_0001.png,"(1280, 720)","(1280, 720)",False
4b830014c8a49def4f78c17d021a2de3ecf81f4b2679358e5e726dfa380d2129,gold_v16_40k_003459__step_0000,interaction_assessment,TYPE,True,False,False,Look for the needed page setting for the next task step.,images/gold_v16_40k_003459/before_0001.png,images/gold_v16_40k_003459/after_0001.png,"(1280, 720)","(1280, 720)",False
065f5f54b8887592cd0a5a0df4cd92fb5db0e840eb0345c0aba3a5cbddae34c9,gold_v16_40k_003459__step_0000,recovery_assessment,TYPE,True,False,False,Look for the needed page setting for the next task step.,images/gold_v16_40k_003459/after_0001.png,images/gold_v16_40k_003459/after_0002.png,"(1280, 720)","(1280, 720)",False
9a4fee97e9431d53efd451b7dd662253ba96a5f706026dac459f309efeb6aeb2,gold_v16_40k_003469__step_0000,interaction_assessment,SCROLL,True,False,False,Look for the requested page section for the next task step.,images/gold_v16_40k_003469/before_0001.png,images/gold_v16_40k_003469/after_0001.png,"(1280, 720)","(1280, 720)",False
a9cd9b4116e2e8c72f039a13286a26790accbb696828de67018ccbc607e25b20,gold_v16_40k_003469__step_0000,recovery_assessment,SCROLL,True,False,False,Look for the requested page section for the next task step.,images/gold_v16_40k_003469/after_0001.png,images/gold_v16_40k_003469/after_0002.png,"(1280, 720)","(1280, 720)",False
e6a64bc4bf5bc6b2b31a357abd5cf1866520e849e959ca432e7867431f9122e3,gold_v16_40k_003474__step_0000,interaction_assessment,PRESS_KEY,True,False,False,Look for the needed page setting for the next task step.,images/gold_v16_40k_003474/before_0001.png,images/gold_v16_40k_003474/after_0001.png,"(1280, 720)","(1280, 720)",False
166c4d014f573278a8e1d0b1c47451cf2d31c6654de4a4d4f1a32b9e8fd2bcc1,gold_v16_40k_003474__step_0000,recovery_assessment,PRESS_KEY,True,False,False,Look for the needed page setting for the next task step.,images/gold_v16_40k_003474/after_0001.png,images/gold_v16_40k_003474/after_0002.png,"(1280, 720)","(1280, 720)",False
a8770ad20605a11fa0cf8a1a108d4e16ce99c72377592c90f2b298b6f4314c93,gold_v16_40k_003550__step_0000,interaction_assessment,TYPE,True,False,False,Look for the target form state for the next task step.,images/gold_v16_40k_003550/before_0001.png,images/gold_v16_40k_003550/after_0001.png,"(1280, 720)","(1280, 720)",True
31c0cd15a529112affdc01605b7503b754a874b8b363071dcde0261cba20162f,gold_v16_40k_003550__step_0000,recovery_assessment,TYPE,True,False,False,Look for the target form state for the next task step.,images/gold_v16_40k_003550/after_0001.png,images/gold_v16_40k_003550/after_0002.png,"(1280, 720)","(1280, 720)",True
9180c63e93066143a3855bb0001b7d8fcbeae79e60b5133428327b4eabeb7c13,gold_v16_40k_003555__step_0001,interaction_assessment,SELECT,True,False,False,Look for the target form state for the next task step.,images/gold_v16_40k_003555/before_0002.png,images/gold_v16_40k_003555/after_0002.png,"(1280, 720)","(1280, 720)",True
065e560c5225b8356a81a176514ed2ab5b78d1ddc4ea4a9f875423d5a7ae82e6,gold_v16_40k_003555__step_0001,recovery_assessment,SELECT,True,False,False,Look for the target form state for the next task step.,images/gold_v16_40k_003555/after_0002.png,images/gold_v16_40k_003555/after_0003.png,"(1280, 720)","(1280, 720)",True
490db83c3b524ac546dffba499b60df957c639f8a932eefeb4ce330ae78e641c,gold_v16_40k_003663__step_0000,interaction_assessment,CLICK,True,False,False,Look for the target information area for the next task step.,images/gold_v16_40k_003663/before_0001.png,images/gold_v16_40k_003663/after_0001.png,"(1280, 720)","(1280, 720)",True
a3a067d25d74e787baeebd25dd1c419aa0cab9b251d77d4a4d3f4147c93a505d,gold_v16_40k_003663__step_0000,recovery_assessment,NAVIGATE,True,False,False,Look for the target information area for the next task step.,images/gold_v16_40k_003663/after_0001.png,images/gold_v16_40k_003663/after_0002.png,"(1280, 720)","(1280, 720)",False
c07c379fb3add160286dc8d10f030e00c0b45aa8854630c3921a6f79ac2c9213,gold_v16_40k_003695__step_0000,interaction_assessment,CLICK,True,False,False,Locate the needed site resource for the next task step.,images/gold_v16_40k_003695/before_0001.png,images/gold_v16_40k_003695/after_0001.png,"(1280, 720)","(1280, 720)",True
745417933f003bc4f5b7a1bfbd2b5bb38b31bbaa5167b7404159da6c2e6f47e8,gold_v16_40k_003695__step_0000,recovery_assessment,CLICK,True,False,False,Locate the needed site resource for the next task step.,images/gold_v16_40k_003695/after_0001.png,images/gold_v16_40k_003695/after_0002.png,"(1280, 720)","(1280, 720)",True
f06c6e5766efb678a24130f00a25a4c8313c8bbc3ad15c7eb43b8bea28e5e259,gold_v16_40k_003705__step_0000,interaction_assessment,SELECT,True,False,False,Locate the relevant page value for the next task step.,images/gold_v16_40k_003705/before_0001.png,images/gold_v16_40k_003705/after_0001.png,"(1280, 720)","(1280, 720)",True
e0db34b840f2ab21431871dd06a1001168ec678357dc6ba60fab68b65d507e0d,gold_v16_40k_003705__step_0000,recovery_assessment,SELECT,True,False,False,Locate the relevant page value for the next task step.,images/gold_v16_40k_003705/after_0001.png,images/gold_v16_40k_003705/after_0002.png,"(1280, 720)","(1280, 720)",True
7c6b98b8f3c9c9b95f5b5cd5080278e239bb9a1d274f02a4a913c5249035a02c,gold_v16_40k_003769__step_0000,interaction_assessment,SCROLL,True,False,False,Look for the needed site resource for the next task step.,images/gold_v16_40k_003769/before_0001.png,images/gold_v16_40k_003769/after_0001.png,"(1280, 720)","(1280, 720)",False
02538dd5edde840a173e4a51dbb255943ce34d6167f96dc7a7aa86643fae4e82,gold_v16_40k_003769__step_0000,recovery_assessment,SCROLL,True,False,False,Look for the needed site resource for the next task step.,images/gold_v16_40k_003769/after_0001.png,images/gold_v16_40k_003769/after_0002.png,"(1280, 720)","(1280, 720)",True
6607106dbb3c78877c1436b04c190b8ffa45434407d1d95e58781a9daa037ff7,gold_v16_40k_003968__step_0000,interaction_assessment,TYPE,True,False,False,Look for the requested interaction state for the next task step.,images/gold_v16_40k_003968/before_0001.png,images/gold_v16_40k_003968/after_0001.png,"(1280, 720)","(1280, 720)",False
4de3f3f9301ebb1b65b6b8a0c06ac7567b4be76f950765ee9399d643be42feba,gold_v16_40k_003968__step_0000,recovery_assessment,TYPE,True,False,False,Look for the requested interaction state for the next task step.,images/gold_v16_40k_003968/after_0001.png,images/gold_v16_40k_003968/after_0002.png,"(1280, 720)","(1280, 720)",False
ec72289e1c7158a32afdd6cc0923237e792c915bc80c6ae37e0619330e382751,gold_v16_40k_003973__step_0000,interaction_assessment,SELECT,True,False,False,Look for the requested interaction state for the next task step.,images/gold_v16_40k_003973/before_0001.png,images/gold_v16_40k_003973/after_0001.png,"(1280, 720)","(1280, 720)",False
50a82ad77e0f808bdecc19d32d93abfe432856dee443a8300ae86817135e32fa,gold_v16_40k_003973__step_0000,recovery_assessment,SELECT,True,False,False,Look for the requested interaction state for the next task step.,images/gold_v16_40k_003973/after_0001.png,images/gold_v16_40k_003973/after_0002.png,"(1280, 720)","(1280, 720)",False
361a634bcdd850be4fbc262ed2fc54fe32c9a9bba5b783e10c2c82c9b84488d1,gold_v16_40k_003988__step_0001,interaction_assessment,NAVIGATE,True,False,False,Look for the relevant information page for the next task step.,images/gold_v16_40k_003988/before_0002.png,images/gold_v16_40k_003988/after_0002.png,"(1280, 720)","(1280, 720)",False
393a625b4ebf81111a762c490f259a43a62c6f9c3a19b1fab5d4ccac033d6e8a,gold_v16_40k_003988__step_0001,recovery_assessment,NAVIGATE,True,False,False,Look for the relevant information page for the next task step.,images/gold_v16_40k_003988/after_0002.png,images/gold_v16_40k_003988/after_0003.png,"(1280, 720)","(1280, 720)",False
f495b0f4eaa608c17b2a52ee9575f61067ac1b1931d6c9f456178b577690dfb7,gold_v16_40k_004010__step_0002,interaction_assessment,SCROLL,True,False,False,Locate the requested site information for the current page objective.,images/gold_v16_40k_004010/before_0003.png,images/gold_v16_40k_004010/after_0003.png,"(1280, 720)","(1280, 720)",True
5944684877553fdb820415d530771a71f00819c4e0a0924df1955b387298d27a,gold_v16_40k_004441__step_0000,interaction_assessment,CLICK,True,False,False,Look for the relevant information page for this page goal.,images/gold_v16_40k_004441/before_0001.png,images/gold_v16_40k_004441/after_0001.png,"(1280, 720)","(1280, 720)",False
f1a1b57e09fb39febeee0237053dd2f64ea30715f9b5b06c3748dc9d522eab54,gold_v16_40k_004509__step_0000,interaction_assessment,TYPE,True,False,False,Locate the target form state for the current page objective.,images/gold_v16_40k_004509/before_0001.png,images/gold_v16_40k_004509/after_0001.png,"(1280, 720)","(1280, 720)",False
f401f8631cf4a5a73128108e025ef308866ebafed89887a5747e1d7fc682883f,gold_v16_40k_004509__step_0000,recovery_assessment,TYPE,True,False,False,Locate the target form state for the current page objective.,images/gold_v16_40k_004509/after_0001.png,images/gold_v16_40k_004509/after_0002.png,"(1280, 720)","(1280, 720)",False
6b192b1997e97761c321f9b58531ea8d9a68d34d5a8246209081d0cd784fd820,gold_v16_40k_004573__step_0000,interaction_assessment,SELECT,True,False,False,Look for the target form state for the current page objective.,images/gold_v16_40k_004573/before_0001.png,images/gold_v16_40k_004573/after_0001.png,"(1280, 720)","(1280, 720)",False
0214fddd1899175fc2bea65b43038db536aebd6476d21b0d67f2a49be9db6aa3,gold_v16_40k_004573__step_0000,recovery_assessment,SELECT,True,False,False,Look for the target form state for the current page objective.,images/gold_v16_40k_004573/after_0001.png,images/gold_v16_40k_004573/after_0002.png,"(1280, 720)","(1280, 720)",False
e8a76cf7efdb5db0b70835d24197102fefdab50e1af31f08a14f8a72c448844e,gold_v16_40k_004610__step_0000,interaction_assessment,SCROLL,True,False,False,Locate the target information area for the current page objective.,images/gold_v16_40k_004610/before_0001.png,images/gold_v16_40k_004610/after_0001.png,"(1280, 720)","(1280, 720)",True
b9b289f20a2323d74664d1de72559fb9ed5c9269150bb755dceffe19f8bf8440,gold_v16_40k_004610__step_0000,recovery_assessment,SCROLL,True,False,False,Locate the target information area for the current page objective.,images/gold_v16_40k_004610/after_0001.png,images/gold_v16_40k_004610/after_0002.png,"(1280, 720)","(1280, 720)",True
9d429853fa2d8e3619b7394555c004be4e6a9fc42caea7f7621fa1768745a93d,gold_v16_40k_004755__step_0001,interaction_assessment,SELECT,True,False,False,Look for the relevant page value for the current page objective.,images/gold_v16_40k_004755/before_0002.png,images/gold_v16_40k_004755/after_0002.png,"(1280, 720)","(1280, 720)",True
e948f972dcf165efd9fab3bd330975e6db4fca81aa4847c6c5d06a0b5ca30ae6,gold_v16_40k_004755__step_0001,recovery_assessment,SELECT,True,False,False,Look for the relevant page value for the current page objective.,images/gold_v16_40k_004755/after_0002.png,images/gold_v16_40k_004755/after_0003.png,"(1280, 720)","(1280, 720)",True
b9cec53f2ae6d9561a26f11c4f8d6612e44e3c2a4d5047a074204085fbc6f87b,gold_v16_40k_004873__step_0000,interaction_assessment,SELECT,True,False,False,Look for the needed form setting for the current page objective.,images/gold_v16_40k_004873/before_0001.png,images/gold_v16_40k_004873/after_0001.png,"(1280, 720)","(1280, 720)",True
8622e1251b41e8dd82063e343ea1a82982b4281a9524b583ca6ea868ab3d535b,gold_v16_40k_004873__step_0000,recovery_assessment,SELECT,True,False,False,Look for the needed form setting for the current page objective.,images/gold_v16_40k_004873/after_0001.png,images/gold_v16_40k_004873/after_0002.png,"(1280, 720)","(1280, 720)",False
2dac5e243ada66a3343fb245c1b0ec30821a4462fa25d2b3f0cff0dae4ba0ba6,gold_v16_40k_004883__step_0001,interaction_assessment,PRESS_KEY,True,False,False,Look for the needed form setting for the current page objective.,images/gold_v16_40k_004883/before_0002.png,images/gold_v16_40k_004883/after_0002.png,"(1280, 720)","(1280, 720)",False
0193c1bf7a49c10e92f30d63a8036959afd956f4d03af96fffbbc9538c0fafa0,gold_v16_40k_004910__step_0001,interaction_assessment,SCROLL,True,False,False,Locate the relevant information page for the current page objective.,images/gold_v16_40k_004910/before_0002.png,images/gold_v16_40k_004910/after_0002.png,"(1280, 720)","(1280, 720)",False
e06acf59118f7f4de1152704d064281ea0de2188d3c8fcba2d76f19e595200e8,gold_v16_40k_004910__step_0001,recovery_assessment,SCROLL,True,False,False,Locate the relevant information page for the current page objective.,images/gold_v16_40k_004910/after_0002.png,images/gold_v16_40k_004910/after_0003.png,"(1280, 720)","(1280, 720)",False
6b64d30783b59f788166910e285389b6acab8529e6013b27b78308b7476b99bf,gold_v16_40k_005045__step_0002,interaction_assessment,CLICK,True,False,False,Look for the requested site information for the current task.,images/gold_v16_40k_005045/before_0003.png,images/gold_v16_40k_005045/after_0003.png,"(1280, 720)","(1280, 720)",False
0eec8482b5c39feaaa6d22617bad7312a3d74ab8efee4c4bc43db7d643db2685,gold_v16_40k_005050__step_0000,interaction_assessment,TYPE,True,False,False,Look for the requested page value for the current task.,images/gold_v16_40k_005050/before_0001.png,images/gold_v16_40k_005050/after_0001.png,"(1280, 720)","(1280, 720)",True
32f30673d8798904f5d944fe2636a25e362f31cfb567359fedb8c0b14fe90d69,gold_v16_40k_005050__step_0000,recovery_assessment,TYPE,True,False,False,Look for the requested page value for the current task.,images/gold_v16_40k_005050/after_0001.png,images/gold_v16_40k_005050/after_0002.png,"(1280, 720)","(1280, 720)",True
1365bada81c78167df4b525016d5cabef16318980d0ef675cc9b5d8bded0f143,gold_v16_40k_005055__step_0001,interaction_assessment,SELECT,True,False,False,Look for the requested page value for the current task.,images/gold_v16_40k_005055/before_0002.png,images/gold_v16_40k_005055/after_0002.png,"(1280, 720)","(1280, 720)",False
eeb6b3b3c5a4b282be00da3ce1e6937d8711939809f57abdf0b81317dd711d45,gold_v16_40k_005055__step_0001,recovery_assessment,SELECT,True,False,False,Look for the requested page value for the current task.,images/gold_v16_40k_005055/after_0002.png,images/gold_v16_40k_005055/after_0003.png,"(1280, 720)","(1280, 720)",False
8f4d29e361a160d65381ffa9736d4d5747b31d83894032a8b8325272a5ff2b7d,gold_v16_40k_005114__step_0000,interaction_assessment,SELECT,True,False,False,Locate the required page preference for the current task.,images/gold_v16_40k_005114/before_0001.png,images/gold_v16_40k_005114/after_0001.png,"(1280, 720)","(1280, 720)",True
35136463083d99179d6a8c9ef213af5b971ca7d8b384e7d43152def20a459fa8,gold_v16_40k_005114__step_0000,recovery_assessment,SELECT,True,False,False,Locate the required page preference for the current task.,images/gold_v16_40k_005114/after_0001.png,images/gold_v16_40k_005114/after_0002.png,"(1280, 720)","(1280, 720)",True
556eed37c45c4bad000cbea298e83384a05a9238782dc31577c1ce2cbea75a4a,gold_v16_40k_005220__step_0000,interaction_assessment,NAVIGATE,True,False,False,Locate the target web resource for the current task.,images/gold_v16_40k_005220/before_0001.png,images/gold_v16_40k_005220/after_0001.png,"(1280, 720)","(1280, 720)",False
b0374c13ea19a79594d1cb7c739614cbf185089fd5d5c71e1a2632577a607b73,gold_v16_40k_005220__step_0000,recovery_assessment,NAVIGATE,True,False,False,Locate the target web resource for the current task.,images/gold_v16_40k_005220/after_0001.png,images/gold_v16_40k_005220/after_0002.png,"(1280, 720)","(1280, 720)",False
449ed18f4ba48710abbb0c21e4eddbe3fcf80f9d96e3b24453b8e427c958702e,gold_v16_40k_005365__step_0002,interaction_assessment,PRESS_KEY,True,False,False,Look for the requested lookup value for the current task.,images/gold_v16_40k_005365/before_0003.png,images/gold_v16_40k_005365/after_0003.png,"(1280, 720)","(1280, 720)",False
fb57d81502a07af53afb66641c530ca570c8da287b027190223a3467ff8b1ab8,gold_v16_40k_005404__step_0000,interaction_assessment,CLICK,True,False,False,Locate the requested page section for the current task.,images/gold_v16_40k_005404/before_0001.png,images/gold_v16_40k_005404/after_0001.png,"(1280, 720)","(1280, 720)",False
aba130d108408d30e60461809e0af4c13d3dacd7df4e380bff2c05026a50d53b,gold_v16_40k_005404__step_0000,recovery_assessment,CLICK,True,False,False,Locate the requested page section for the current task.,images/gold_v16_40k_005404/after_0001.png,images/gold_v16_40k_005404/after_0002.png,"(1280, 720)","(1280, 720)",False
df6fe7b67ed08029d5e1e3cd7a3652d0bf4edcf4ca3210d6a020216f9e2fd9fa,gold_v16_40k_005424__step_0001,interaction_assessment,PRESS_KEY,True,False,False,Locate the needed page setting for the current task.,images/gold_v16_40k_005424/before_0002.png,images/gold_v16_40k_005424/after_0002.png,"(1280, 720)","(1280, 720)",False
3aed232485cce3fb5d09457ceb73d48770b997a5e2ce21a10670e84a6523b786,gold_v16_40k_005515__step_0001,interaction_assessment,PRESS_KEY,True,False,False,Locate the target form state for the current task.,images/gold_v16_40k_005515/before_0002.png,images/gold_v16_40k_005515/after_0002.png,"(1280, 720)","(1280, 720)",True
60fbdeae62118a2b7d1737012a649432480997b3e3d2e85d9e520785e419420e,gold_v16_40k_005515__step_0001,recovery_assessment,PRESS_KEY,True,False,False,Locate the target form state for the current task.,images/gold_v16_40k_005515/after_0002.png,images/gold_v16_40k_005515/after_0003.png,"(1280, 720)","(1280, 720)",True
233905c1bafb31fb60bc2951903e3757b0e8e9ba5d7d9a4ece47c431fb971e6a,gold_v16_40k_005579__step_0000,interaction_assessment,NAVIGATE,True,False,False,Look for the relevant project details for the current task.,images/gold_v16_40k_005579/before_0001.png,images/gold_v16_40k_005579/after_0001.png,"(1280, 720)","(1280, 720)",False
03c83108e38268fa6ae21c19b73eccc88ddee96c30796c1a9ee945d71845526f,gold_v16_40k_005579__step_0000,recovery_assessment,NAVIGATE,True,False,False,Look for the relevant project details for the current task.,images/gold_v16_40k_005579/after_0001.png,images/gold_v16_40k_005579/after_0002.png,"(1280, 720)","(1280, 720)",True
8e7b7934649e48db71bd91d5d5d0e8bbd81d66a899fc96c80f333a8c80c92e72,gold_v16_40k_005613__step_0000,interaction_assessment,CLICK,True,False,False,Locate the target information area for the current task.,images/gold_v16_40k_005613/before_0001.png,images/gold_v16_40k_005613/after_0001.png,"(1280, 720)","(1280, 720)",False
7d9b6c34a96e84c68e1c5ebbbaab91f2239f97a59affa4d274198cd22ce7599c,gold_v16_40k_005613__step_0000,recovery_assessment,NAVIGATE,True,False,False,Locate the target information area for the current task.,images/gold_v16_40k_005613/after_0001.png,images/gold_v16_40k_005613/after_0002.png,"(1280, 720)","(1280, 720)",False
9b1c18ab9be4a2fc8a0f4c65530cb2a8a9e8db4f11b19703ea06b4a56381316f,gold_v16_40k_005729__step_0000,interaction_assessment,NAVIGATE,True,False,False,Locate the needed site resource for the current task.,images/gold_v16_40k_005729/before_0001.png,images/gold_v16_40k_005729/after_0001.png,"(1280, 720)","(1280, 720)",False
cb368597cb1c321cd0fad9817997ae54eb10de39cc72e013d51eb824a405dd59,gold_v16_40k_005729__step_0000,recovery_assessment,NAVIGATE,True,False,False,Locate the needed site resource for the current task.,images/gold_v16_40k_005729/after_0001.png,images/gold_v16_40k_005729/after_0002.png,"(1280, 720)","(1280, 720)",True
3d7153979c77f365b9871f92b4988809535edcc7af0260ee4e243efb9a80eb60,gold_v16_40k_005763__step_0000,interaction_assessment,CLICK,True,False,False,Look for the needed site resource for the current task.,images/gold_v16_40k_005763/before_0001.png,images/gold_v16_40k_005763/after_0001.png,"(1280, 720)","(1280, 720)",False
1a7245de81f9199aeeca96caee036e4dda85812f044e0e74599b1e70a6513aef,gold_v16_40k_005763__step_0000,recovery_assessment,NAVIGATE,True,False,False,Look for the needed site resource for the current task.,images/gold_v16_40k_005763/after_0001.png,images/gold_v16_40k_005763/after_0002.png,"(1280, 720)","(1280, 720)",False
e3e124da9cd86fc8dd62fa51f70d56349732f4e4690f0fa2c0bcf04c734f8526,gold_v16_40k_005768__step_0000,interaction_assessment,TYPE,True,False,False,Look for the relevant page value for the current task.,images/gold_v16_40k_005768/before_0001.png,images/gold_v16_40k_005768/after_0001.png,"(1280, 720)","(1280, 720)",False
48e51e49ba6e766eb3e895da4ff5790254513406feeeb27981ff1ba0f299c2a5,gold_v16_40k_005768__step_0000,recovery_assessment,TYPE,True,False,False,Look for the relevant page value for the current task.,images/gold_v16_40k_005768/after_0001.png,images/gold_v16_40k_005768/after_0002.png,"(1280, 720)","(1280, 720)",False
e8c7c991a4e882430f94bcac850a40e8c120a5c6c1d19b04cf03d1d229bdd806,gold_v16_40k_005879__step_0001,interaction_assessment,NAVIGATE,True,False,False,Look for the requested reference content for the current task.,images/gold_v16_40k_005879/before_0002.png,images/gold_v16_40k_005879/after_0002.png,"(1280, 720)","(1280, 720)",True
1da8c149080ce5cd3d92f8978194b06ba83d0be6044d54a05f9fc46ace03e18c,gold_v16_40k_005913__step_0001,interaction_assessment,NAVIGATE,True,False,False,Locate the relevant information page for the current task.,images/gold_v16_40k_005913/before_0002.png,images/gold_v16_40k_005913/after_0002.png,"(1280, 720)","(1280, 720)",False
9225fa0cf31ebb8368bd6beb0ce21a4ff7aa7cbe3ef0628ff55203b439553156,gold_v16_40k_005913__step_0001,recovery_assessment,CLICK,True,False,False,Locate the relevant information page for the current task.,images/gold_v16_40k_005913/after_0002.png,images/gold_v16_40k_005913/after_0003.png,"(1280, 720)","(1280, 720)",True
96e986560ca59a129e938bed65de50392ec76f967d956d15cec38fc19689b0f6,gold_v16_40k_005923__step_0001,interaction_assessment,SELECT,True,False,False,Locate the requested interaction state for the current task.,images/gold_v16_40k_005923/before_0002.png,images/gold_v16_40k_005923/after_0002.png,"(1280, 720)","(1280, 720)",False
238e5c5051fc1beb1bdbc6a9f41a2aa28566aa6f800cd402cb522d10da1733a6,gold_v16_40k_005928__step_0000,interaction_assessment,SCROLL,True,False,False,Locate the relevant information page for the current task.,images/gold_v16_40k_005928/before_0001.png,images/gold_v16_40k_005928/after_0001.png,"(1280, 720)","(1280, 720)",False
a71c6709ef996f897a245557b2b41fb4d8541f0183255a344a2ad480b93d7663,gold_v16_40k_005928__step_0000,recovery_assessment,SCROLL,True,False,False,Locate the relevant information page for the current task.,images/gold_v16_40k_005928/after_0001.png,images/gold_v16_40k_005928/after_0002.png,"(1280, 720)","(1280, 720)",False
b142cc0a489bf8b5bc0d56bb966a187afc1262ece0bf345c42f19e70888686af,gold_v16_40k_006009__step_0001,interaction_assessment,TYPE,True,False,False,Locate the requested page value for the requested result.,images/gold_v16_40k_006009/before_0002.png,images/gold_v16_40k_006009/after_0002.png,"(1280, 720)","(1280, 720)",False
bda25a8ff48e028e5b76d469bb7e588d221f40c415b9b6fb858b450aeda53798,gold_v16_40k_006068__step_0001,interaction_assessment,TYPE,True,False,False,Look for the requested page value for the requested result.,images/gold_v16_40k_006068/before_0002.png,images/gold_v16_40k_006068/after_0002.png,"(1280, 720)","(1280, 720)",False
03029900972c73c7856a4a1455f91a1ca1d043ed1c26eb8f004dfb7fb1ec5230,gold_v16_40k_006078__step_0000,interaction_assessment,SCROLL,True,False,False,Look for the requested site information for the requested result.,images/gold_v16_40k_006078/before_0001.png,images/gold_v16_40k_006078/after_0001.png,"(1280, 720)","(1280, 720)",False
8cf58a18b6b31e445600966fbe8a83120c0de7dd3cb00bcd30346eac97a2b126,gold_v16_40k_006078__step_0000,recovery_assessment,SCROLL,True,False,False,Look for the requested site information for the requested result.,images/gold_v16_40k_006078/after_0001.png,images/gold_v16_40k_006078/after_0002.png,"(1280, 720)","(1280, 720)",False
724f5af1a3440ec79c9027951de17a6381775d855f1623e1175dba3467b67a33,gold_v16_40k_006179__step_0001,interaction_assessment,NAVIGATE,True,False,False,Look for the relevant page content for the requested result.,images/gold_v16_40k_006179/before_0002.png,images/gold_v16_40k_006179/after_0002.png,"(1280, 720)","(1280, 720)",False
9348acdc87368363212be68b571799e93e75816aa9144b27aa59cc689bc443f8,gold_v16_40k_006218__step_0001,interaction_assessment,TYPE,True,False,False,Locate the target page state for the requested result.,images/gold_v16_40k_006218/before_0002.png,images/gold_v16_40k_006218/after_0002.png,"(1280, 720)","(1280, 720)",False
df8e85b3aa230ac40a75ea939f6441fdcf9912498cc8a9d2006b4d6c349b86f3,gold_v16_40k_006228__step_0000,interaction_assessment,SCROLL,True,False,False,Locate the target web resource for the requested result.,images/gold_v16_40k_006228/before_0001.png,images/gold_v16_40k_006228/after_0001.png,"(1280, 720)","(1280, 720)",False
bfe21d550c35151197d21f8e31e22c5d69750a6a52d74d17feaf68c69b0e3b0a,gold_v16_40k_006228__step_0000,recovery_assessment,SCROLL,True,False,False,Locate the target web resource for the requested result.,images/gold_v16_40k_006228/after_0001.png,images/gold_v16_40k_006228/after_0002.png,"(1280, 720)","(1280, 720)",False
b06be45361b9f552b2dc5818f49754ffc4a2e90f61be4a1de519a2c48a99eb4b,gold_v16_40k_006238__step_0002,interaction_assessment,NAVIGATE,True,False,False,Locate the target web resource for the requested result.,images/gold_v16_40k_006238/before_0003.png,images/gold_v16_40k_006238/after_0003.png,"(1280, 720)","(1280, 720)",False
446b5a0b4647b72e9a37795daea3a75a79ef0edd4fc48e27f00bbe9ea20298e1,gold_v16_40k_006250__step_0002,interaction_assessment,TYPE,True,False,False,Look for the target page state for the requested result.,images/gold_v16_40k_006250/before_0003.png,images/gold_v16_40k_006250/after_0003.png,"(1280, 720)","(1280, 720)",True
7472d099866b1e99ff2c49b8304ee452ed83cb1d64367d3ba70d2840f8d7448e,gold_v16_40k_006260__step_0000,interaction_assessment,SCROLL,True,False,False,Look for the target web resource for the requested result.,images/gold_v16_40k_006260/before_0001.png,images/gold_v16_40k_006260/after_0001.png,"(1280, 720)","(1280, 720)",True
805ea10dedbfd4b7636e98bb09221416b5b0756b3dc068ece85f76e55df0bc33,gold_v16_40k_006260__step_0000,recovery_assessment,SCROLL,True,False,False,Look for the target web resource for the requested result.,images/gold_v16_40k_006260/after_0001.png,images/gold_v16_40k_006260/after_0002.png,"(1280, 720)","(1280, 720)",True
2229d0c4f4e8e8ad96cbd2516955c3c1dc5a15325991d5f2925695f1398aaab4,gold_v16_40k_006319__step_0000,interaction_assessment,SCROLL,True,False,False,Locate the needed reference material for the requested result.,images/gold_v16_40k_006319/before_0001.png,images/gold_v16_40k_006319/after_0001.png,"(1280, 720)","(1280, 720)",False
80699a5e5909979fafc8b638e8aeccd018c52af009eb385006ba1901d40dc5c6,gold_v16_40k_006319__step_0000,recovery_assessment,SCROLL,True,False,False,Locate the needed reference material for the requested result.,images/gold_v16_40k_006319/after_0001.png,images/gold_v16_40k_006319/after_0002.png,"(1280, 720)","(1280, 720)",False
3007721273e660ac39e26b952206590d1d80a50a15008067b641a7875aff6ab7,gold_v16_40k_006319__step_0001,interaction_assessment,SCROLL,True,False,False,Locate the needed reference material for the requested result.,images/gold_v16_40k_006319/before_0002.png,images/gold_v16_40k_006319/after_0002.png,"(1280, 720)","(1280, 720)",False
e70510954a0c1db9eac08b9ef494b1e2f59d6bdbd0ee285ffdec41f559a92c12,gold_v16_40k_006329__step_0000,interaction_assessment,NAVIGATE,True,False,False,Locate the needed reference material for the requested result.,images/gold_v16_40k_006329/before_0001.png,images/gold_v16_40k_006329/after_0001.png,"(1280, 720)","(1280, 720)",False
7d26ba110a99dfb139b838ea9cfe2b1df0e27462d613b4efef0fb4b2fc92e8e0,gold_v16_40k_006329__step_0000,recovery_assessment,NAVIGATE,True,False,False,Locate the needed reference material for the requested result.,images/gold_v16_40k_006329/after_0001.png,images/gold_v16_40k_006329/after_0002.png,"(1280, 720)","(1280, 720)",False
702d43ac5df4a91c9c2f3b4b45f4caf0a934bc706258976232e9873d4a8d36b0,gold_v16_40k_006405__step_0002,interaction_assessment,SELECT,True,False,False,Locate the needed page setting for the requested result.,images/gold_v16_40k_006405/before_0003.png,images/gold_v16_40k_006405/after_0003.png,"(1280, 720)","(1280, 720)",False
215ff7a9c9eb681341c4a24a6be8f16caf4eeda4bd2ca4e7b0e5ebac67891e3b,gold_v16_40k_006528__step_0000,interaction_assessment,SCROLL,True,False,False,Locate the relevant project details for the requested result.,images/gold_v16_40k_006528/before_0001.png,images/gold_v16_40k_006528/after_0001.png,"(1280, 720)","(1280, 720)",False
4e61fe3ce052a66500829a92b828210b1c70b93e2516e77cf59a4f583953a6ea,gold_v16_40k_006528__step_0000,recovery_assessment,SCROLL,True,False,False,Locate the relevant project details for the requested result.,images/gold_v16_40k_006528/after_0001.png,images/gold_v16_40k_006528/after_0002.png,"(1280, 720)","(1280, 720)",False
ba604e8a4d7a13df56a028817e90dec4e26d01028e21015afbd7eec968fe54e7,gold_v16_40k_006668__step_0000,interaction_assessment,TYPE,True,False,False,Look for the requested search state for the requested result.,images/gold_v16_40k_006668/before_0001.png,images/gold_v16_40k_006668/after_0001.png,"(1280, 720)","(1280, 720)",False
d4e9974fd053778a04628e4a2d539daa012a6c708aa8905983fbb85b8c395a9d,gold_v16_40k_006668__step_0000,recovery_assessment,TYPE,True,False,False,Look for the requested search state for the requested result.,images/gold_v16_40k_006668/after_0001.png,images/gold_v16_40k_006668/after_0002.png,"(1280, 720)","(1280, 720)",False
97bcfe685e1e0041d2040fe3bcae4fbbcaea4e3e59b25fbe83afaee997a4b36b,gold_v16_40k_006711__step_0000,interaction_assessment,PRESS_KEY,True,False,False,Look for the needed page setting for the current page objective.,images/gold_v16_40k_006711/before_0001.png,images/gold_v16_40k_006711/after_0001.png,"(1280, 720)","(1280, 720)",False
13392a5d47f180d19f64705377430a3f0831552805601d44f9306899cd47d36b,gold_v16_40k_006779__step_0001,interaction_assessment,NAVIGATE,True,False,False,Look for the needed site resource for the requested result.,images/gold_v16_40k_006779/before_0002.png,images/gold_v16_40k_006779/after_0002.png,"(1280, 720)","(1280, 720)",False
892a6ce563c914a79b0fd909fd214de36ad39bb19ed7896a7534a6b49c5f28ab,gold_v16_40k_006919__step_0001,interaction_assessment,SCROLL,True,False,False,Locate the relevant information page for the requested result.,images/gold_v16_40k_006919/before_0002.png,images/gold_v16_40k_006919/after_0002.png,"(1280, 720)","(1280, 720)",True
38aee842e01b4f48129501cd2cf6f4ee6a812737b15bb11bd1333720f240abc5,gold_v16_40k_006922__step_0000,interaction_assessment,PRESS_KEY,True,False,False,Locate the requested search state for the current page objective.,images/gold_v16_40k_006922/before_0001.png,images/gold_v16_40k_006922/after_0001.png,"(1280, 720)","(1280, 720)",True
863ab1660d46ec494acad3c0c9bf5b18e49802ce53e9b7234747ade9f52687e6,gold_v16_40k_006963__step_0001,interaction_assessment,NAVIGATE,True,False,False,Look for the relevant information page for the requested result.,images/gold_v16_40k_006963/before_0002.png,images/gold_v16_40k_006963/after_0002.png,"(1280, 720)","(1280, 720)",False
4d90ff2a2ad82057f0533b697a7061307094ee52d862554e307c6bbc9e9e0a6b,gold_v16_40k_006963__step_0001,recovery_assessment,CLICK,True,False,False,Look for the relevant information page for the requested result.,images/gold_v16_40k_006963/after_0002.png,images/gold_v16_40k_006963/after_0003.png,"(1280, 720)","(1280, 720)",False
ffc80d79554bbc2056128437276bf7538bce63d23b50d4792506a234f8822c67,gold_v16_40k_007015__step_0002,interaction_assessment,PRESS_KEY,True,False,False,Locate the requested page value for this page goal.,images/gold_v16_40k_007015/before_0003.png,images/gold_v16_40k_007015/after_0003.png,"(1280, 720)","(1280, 720)",False
fdce55b0781a9b403a7185304982707f8c162a4e836646a792959acbeecaa761,gold_v16_40k_007074__step_0000,interaction_assessment,PRESS_KEY,True,False,False,Look for the requested page value for this page goal.,images/gold_v16_40k_007074/before_0001.png,images/gold_v16_40k_007074/after_0001.png,"(1280, 720)","(1280, 720)",False
370aac0020163981a4d2c8465744e0b68496f08d2e071867d11e47ecaa846927,gold_v16_40k_007074__step_0000,recovery_assessment,PRESS_KEY,True,False,False,Look for the requested page value for this page goal.,images/gold_v16_40k_007074/after_0001.png,images/gold_v16_40k_007074/after_0002.png,"(1280, 720)","(1280, 720)",False
42bc33689100debd2be63524d81ea9860dcc270172df7db7aedeac8867ede6be,gold_v16_40k_007113__step_0000,interaction_assessment,CLICK,True,False,False,Locate the relevant page content for this page goal.,images/gold_v16_40k_007113/before_0001.png,images/gold_v16_40k_007113/after_0001.png,"(1280, 720)","(1280, 720)",False
669854f79cf9628233dca361f58e5969416ba698a16ba935520e381fc1aff8b6,gold_v16_40k_007113__step_0000,recovery_assessment,NAVIGATE,True,False,False,Locate the relevant page content for this page goal.,images/gold_v16_40k_007113/after_0001.png,images/gold_v16_40k_007113/after_0002.png,"(1280, 720)","(1280, 720)",False
ce2870990b05dae1001270a2305aa7fc87c2e968b8e1627d64c6416704fde4a9,gold_v16_40k_007145__step_0001,interaction_assessment,CLICK,True,False,False,Look for the relevant page content for this page goal.,images/gold_v16_40k_007145/before_0002.png,images/gold_v16_40k_007145/after_0002.png,"(1280, 720)","(1280, 720)",True
48a404a3910f46ca41a4ab12457a1a531e38c1fe687b12fad32edeb1694ea91a,gold_v16_40k_007145__step_0001,recovery_assessment,CLICK,True,False,False,Look for the relevant page content for this page goal.,images/gold_v16_40k_007145/after_0002.png,images/gold_v16_40k_007145/after_0003.png,"(1280, 720)","(1280, 720)",True
39a485ca360201a4fe3b038fffea48d4f0f6d41227a44c0cf66e822d71c15dac,gold_v16_40k_007145__step_0002,interaction_assessment,CLICK,True,False,False,Look for the relevant page content for this page goal.,images/gold_v16_40k_007145/before_0003.png,images/gold_v16_40k_007145/after_0003.png,"(1280, 720)","(1280, 720)",True
60830b5610054e8ae9f2314192683182cc4ff7cccd6f18522f1372f958a14499,gold_v16_40k_007509__step_0000,interaction_assessment,TYPE,True,False,False,Locate the target form state for this page goal.,images/gold_v16_40k_007509/before_0001.png,images/gold_v16_40k_007509/after_0001.png,"(1280, 720)","(1280, 720)",False
4dd38e203ca85154005236be21910a8ae75efe1f52733a14b3b3d51e6d5c24fa,gold_v16_40k_007509__step_0000,recovery_assessment,TYPE,True,False,False,Locate the target form state for this page goal.,images/gold_v16_40k_007509/after_0001.png,images/gold_v16_40k_007509/after_0002.png,"(1280, 720)","(1280, 720)",False
df2f9da4a02a1702504c744bc65a8a18bbada32c1facca2cb714bf20c707883a,gold_v16_40k_007563__step_0000,interaction_assessment,CLICK,True,False,False,Look for the relevant project details for this page goal.,images/gold_v16_40k_007563/before_0001.png,images/gold_v16_40k_007563/after_0001.png,"(1280, 720)","(1280, 720)",False
16a51a04f717806c201cb0327a1dc323989e7682a2da04476c031d46e4726078,gold_v16_40k_007563__step_0000,recovery_assessment,NAVIGATE,True,False,False,Look for the relevant project details for this page goal.,images/gold_v16_40k_007563/after_0001.png,images/gold_v16_40k_007563/after_0002.png,"(1280, 720)","(1280, 720)",False
953d49cf4483f06d974c059807b8a7958f014accdb8ba07c8a2abf4f3fc1f5e7,gold_v16_40k_007563__step_0001,interaction_assessment,NAVIGATE,True,False,False,Look for the relevant project details for this page goal.,images/gold_v16_40k_007563/before_0002.png,images/gold_v16_40k_007563/after_0002.png,"(1280, 720)","(1280, 720)",False
e5d6cbed06a514858db38b7375fee487d49a8ba3f8b5899041dbb250d22c723f,gold_v16_40k_007563__step_0001,recovery_assessment,CLICK,True,False,False,Look for the relevant project details for this page goal.,images/gold_v16_40k_007563/after_0002.png,images/gold_v16_40k_007563/after_0003.png,"(1280, 720)","(1280, 720)",False
d0f1a184f319d98ce1e23321f1e94cd255d7f920a63ed497f8c2332800af2130,gold_v16_40k_007583__step_0000,interaction_assessment,PRESS_KEY,True,False,False,Look for the target form state for this page goal.,images/gold_v16_40k_007583/before_0001.png,images/gold_v16_40k_007583/after_0001.png,"(1280, 720)","(1280, 720)",False
a94663d52d48894f4d9ebb1a3d8449a755a2ff387b6ba708a9c414194702ce89,gold_v16_40k_007583__step_0000,recovery_assessment,PRESS_KEY,True,False,False,Look for the target form state for this page goal.,images/gold_v16_40k_007583/after_0001.png,images/gold_v16_40k_007583/after_0002.png,"(1280, 720)","(1280, 720)",False
b949847be2530ebcd0ef0418cb96869bee49472eb142edd12da17fca5187a2e6,gold_v16_40k_007733__step_0000,interaction_assessment,PRESS_KEY,True,False,False,Locate the relevant page value for this page goal.,images/gold_v16_40k_007733/before_0001.png,images/gold_v16_40k_007733/after_0001.png,"(1280, 720)","(1280, 720)",False
d561ed7a1ec7e8bcca6d8ac58aeb3d6031a00ab70b78879cf19780f6e8ca7b91,gold_v16_40k_007733__step_0000,recovery_assessment,PRESS_KEY,True,False,False,Locate the relevant page value for this page goal.,images/gold_v16_40k_007733/after_0001.png,images/gold_v16_40k_007733/after_0002.png,"(1280, 720)","(1280, 720)",False
f95fec40b475fd59b7b0f5d20a58f88b599003e4fdfc23476aa5528d45cdec72,gold_v16_40k_007738__step_0001,interaction_assessment,NAVIGATE,True,False,False,Locate the needed site resource for this page goal.,images/gold_v16_40k_007738/before_0002.png,images/gold_v16_40k_007738/after_0002.png,"(1280, 720)","(1280, 720)",False
a2028507ebdf3a01dca162f8585c08236a1b171747704d1f7cac7a4ca20b66cd,gold_v16_40k_007738__step_0001,recovery_assessment,NAVIGATE,True,False,False,Locate the needed site resource for this page goal.,images/gold_v16_40k_007738/after_0002.png,images/gold_v16_40k_007738/after_0003.png,"(1280, 720)","(1280, 720)",False
88ac1a7a2869c756d9783dc39498ab71bd1b8e2994a9933444feee9625e7c2c8,gold_v16_40k_008065__step_0001,interaction_assessment,PRESS_KEY,True,False,False,Look for the requested page value for the next task step.,images/gold_v16_40k_008065/before_0002.png,images/gold_v16_40k_008065/after_0002.png,"(1280, 720)","(1280, 720)",True
11077301872c64f7b6d35f67febb045952f52db137a990f2a9688e5bea7f709d,gold_v16_40k_008065__step_0001,recovery_assessment,PRESS_KEY,True,False,False,Look for the requested page value for the next task step.,images/gold_v16_40k_008065/after_0002.png,images/gold_v16_40k_008065/after_0003.png,"(1280, 720)","(1280, 720)",True
a22a92066c8cb5c38cbb4314b062cf2b29d6bc4105b664f6f3b44e9b3e750e15,gold_v16_40k_008124__step_0001,interaction_assessment,PRESS_KEY,True,False,False,Locate the required page preference for the next task step.,images/gold_v16_40k_008124/before_0002.png,images/gold_v16_40k_008124/after_0002.png,"(1280, 720)","(1280, 720)",False
8d5e36de2b35dc102eb80bf1875619f079595b5234608b3e36aa1c657604412d,gold_v16_40k_008168__step_0000,interaction_assessment,TYPE,True,False,False,Look for the required page preference for the next task step.,images/gold_v16_40k_008168/before_0001.png,images/gold_v16_40k_008168/after_0001.png,"(1280, 720)","(1280, 720)",False
a2713ae17cda9aa8ff7219a86c1ad4a878688148257141fdbece62751832b5d3,gold_v16_40k_008168__step_0000,recovery_assessment,TYPE,True,False,False,Look for the required page preference for the next task step.,images/gold_v16_40k_008168/after_0001.png,images/gold_v16_40k_008168/after_0002.png,"(1280, 720)","(1280, 720)",False
b5989d4fc204d05147aaea9fee80b0667129dc946e2348984a11ec3f84bf79de,gold_v16_40k_008215__step_0000,interaction_assessment,PRESS_KEY,True,False,False,Locate the target page state for the next task step.,images/gold_v16_40k_008215/before_0001.png,images/gold_v16_40k_008215/after_0001.png,"(1280, 720)","(1280, 720)",True
46b526e7ec6a61f49a323a342773c19d22050d486d9b66a0b6f284e45461154f,gold_v16_40k_008215__step_0000,recovery_assessment,PRESS_KEY,True,False,False,Locate the target page state for the next task step.,images/gold_v16_40k_008215/after_0001.png,images/gold_v16_40k_008215/after_0002.png,"(1280, 720)","(1280, 720)",True
a8797102a7198ec64daf801c6b456931e266d8a75515672b565c8bcaa7eba0cf,gold_v16_40k_008215__step_0001,interaction_assessment,PRESS_KEY,True,False,False,Locate the target page state for the next task step.,images/gold_v16_40k_008215/before_0002.png,images/gold_v16_40k_008215/after_0002.png,"(1280, 720)","(1280, 720)",True
1f48951d4802346fd59e14da5b6d3df376d37bc360bad9690573d22874737dee,gold_v16_40k_008215__step_0001,recovery_assessment,PRESS_KEY,True,False,False,Locate the target page state for the next task step.,images/gold_v16_40k_008215/after_0002.png,images/gold_v16_40k_008215/after_0003.png,"(1280, 720)","(1280, 720)",True
01564363ed22828a9fab8e2cfb24a76360ede1bf293f3007ae3f76099928122e,gold_v16_40k_008328__step_0000,interaction_assessment,SCROLL,True,False,False,Locate the needed reference material for the next task step.,images/gold_v16_40k_008328/before_0001.png,images/gold_v16_40k_008328/after_0001.png,"(1280, 720)","(1280, 720)",False
2d87372e8c9495cc073e92744c329e829c99ef2c88b5554258f886958e78ad00,gold_v16_40k_008328__step_0000,recovery_assessment,SCROLL,True,False,False,Locate the needed reference material for the next task step.,images/gold_v16_40k_008328/after_0001.png,images/gold_v16_40k_008328/after_0002.png,"(1280, 720)","(1280, 720)",False
921fb45ab5018ca09cc0633a3c3c57d3e8280e1c3a5a5d71eb928ef22a4da15f,gold_v16_40k_008489__step_0000,interaction_assessment,TYPE,True,False,False,Look for the needed page setting for the next task step.,images/gold_v16_40k_008489/before_0001.png,images/gold_v16_40k_008489/after_0001.png,"(1280, 720)","(1280, 720)",False
b9784aec2400200d0f7b80273aa12c0f3874960f07eca8b0561893dcd1d5a93f,gold_v16_40k_008489__step_0000,recovery_assessment,TYPE,True,False,False,Look for the needed page setting for the next task step.,images/gold_v16_40k_008489/after_0001.png,images/gold_v16_40k_008489/after_0002.png,"(1280, 720)","(1280, 720)",False
626539ecbf17d64950fc2ccf5ba3e1c1e2b2f2c03a8022fbdc9be598905dc356,gold_v16_40k_008493__step_0000,interaction_assessment,SELECT,True,False,False,Look for the needed page setting for the next task step.,images/gold_v16_40k_008493/before_0001.png,images/gold_v16_40k_008493/after_0001.png,"(1280, 720)","(1280, 720)",False
4195b8e800ef7ee37650c6a07da53324a756f8f317107e42ce51a4ebdc2e8300,gold_v16_40k_008493__step_0000,recovery_assessment,SELECT,True,False,False,Look for the needed page setting for the next task step.,images/gold_v16_40k_008493/after_0001.png,images/gold_v16_40k_008493/after_0002.png,"(1280, 720)","(1280, 720)",False
43d049c6217105b05223758e8221b54dca3f2759aff89eceee2d11c04be18707,gold_v16_40k_008613__step_0000,interaction_assessment,SELECT,True,False,False,Look for the target form state for the next task step.,images/gold_v16_40k_008613/before_0001.png,images/gold_v16_40k_008613/after_0001.png,"(1280, 720)","(1280, 720)",False
69d433b7fd7b809a38b162a1d9edae01212c78533e43871f470da28b6062657a,gold_v16_40k_008613__step_0000,recovery_assessment,SELECT,True,False,False,Look for the target form state for the next task step.,images/gold_v16_40k_008613/after_0001.png,images/gold_v16_40k_008613/after_0002.png,"(1280, 720)","(1280, 720)",False
8b65d8b5fc6c43c860918de346383669593bce9164683fa19bd5e52aefce7d00,gold_v16_40k_008845__step_0001,interaction_assessment,NAVIGATE,True,False,False,Look for the needed site resource for the next task step.,images/gold_v16_40k_008845/before_0002.png,images/gold_v16_40k_008845/after_0002.png,"(1280, 720)","(1280, 720)",False
4ebff204a84b87fe6ff1dbd2c5bff1444fcba0f7650104d1dd545ea5cdf65278,gold_v16_40k_008845__step_0001,recovery_assessment,CLICK,True,False,False,Look for the needed site resource for the next task step.,images/gold_v16_40k_008845/after_0002.png,images/gold_v16_40k_008845/after_0003.png,"(1280, 720)","(1280, 720)",False
55429eefa8a38d082c2f8fa23b18e97f82d5623003665b120f12e8d38efcf725,gold_v16_40k_008947__step_0000,interaction_assessment,SELECT,True,False,False,Look for the requested page value for the requested result.,images/gold_v16_40k_008947/before_0001.png,images/gold_v16_40k_008947/after_0001.png,"(1280, 720)","(1280, 720)",False
ba963fe09bce120c02f5f1fbfba43235f3515c5b2ff2327ac1049da95f0ac433,gold_v16_40k_008955__step_0000,interaction_assessment,PRESS_KEY,True,False,False,Look for the requested page value for the requested result.,images/gold_v16_40k_008955/before_0001.png,images/gold_v16_40k_008955/after_0001.png,"(1280, 720)","(1280, 720)",False
f2ed7a1af49682839cad1eef250b2fc822fbb63b2d63cc1dd9e07e21a1476ae4,gold_v16_40k_008973__step_0000,interaction_assessment,SELECT,True,False,False,Look for the needed form setting for the next task step.,images/gold_v16_40k_008973/before_0001.png,images/gold_v16_40k_008973/after_0001.png,"(1280, 720)","(1280, 720)",False
3aa69e9c0adfe327823f52bb0a721ebb94e43ee8311c4bea288c9fbad6803776,gold_v16_40k_008973__step_0000,recovery_assessment,SELECT,True,False,False,Look for the needed form setting for the next task step.,images/gold_v16_40k_008973/after_0001.png,images/gold_v16_40k_008973/after_0002.png,"(1280, 720)","(1280, 720)",False
43a9c74546573909cc80095691a202f9a59a7dddbe609061c6af90d296c46a26,gold_v16_40k_008977__step_0000,interaction_assessment,SCROLL,True,False,False,Look for the requested reference content for the next task step.,images/gold_v16_40k_008977/before_0001.png,images/gold_v16_40k_008977/after_0001.png,"(1280, 720)","(1280, 720)",False
c30c772d15b41f20fe91c09cf900384fca3fc7a543dbb3c42db67d3069d9f15c,gold_v16_40k_008977__step_0000,recovery_assessment,SCROLL,True,False,False,Look for the requested reference content for the next task step.,images/gold_v16_40k_008977/after_0001.png,images/gold_v16_40k_008977/after_0002.png,"(1280, 720)","(1280, 720)",False
a8c1b6de7c51f33668455bfaedb0b6b241998bfa6c61e1863562349a6ebce806,gold_v16_40k_008982__step_0000,interaction_assessment,PRESS_KEY,True,False,False,Look for the needed form setting for the next task step.,images/gold_v16_40k_008982/before_0001.png,images/gold_v16_40k_008982/after_0001.png,"(1280, 720)","(1280, 720)",False
8068809152cb3a8a1c71ea13c3b79e394a23c49dc909a21b6fa8a0fcd0fd3112,gold_v16_40k_008982__step_0000,recovery_assessment,PRESS_KEY,True,False,False,Look for the needed form setting for the next task step.,images/gold_v16_40k_008982/after_0001.png,images/gold_v16_40k_008982/after_0002.png,"(1280, 720)","(1280, 720)",False
d9a2dc5f77f67efe08fcd1e6836d492f1c0379050c019bba4859a2c61f1e6edf,gold_v16_40k_008992__step_0000,interaction_assessment,TYPE,True,False,False,Locate the required page preference for the requested result.,images/gold_v16_40k_008992/before_0001.png,images/gold_v16_40k_008992/after_0001.png,"(1280, 720)","(1280, 720)",False
11a50affb6570159281a1e356c213968c73dc6869680c99b0ae2c8197dc18e49,gold_v16_40k_009085__step_0001,interaction_assessment,NAVIGATE,True,False,False,Look for the relevant information page for the next task step.,images/gold_v16_40k_009085/before_0002.png,images/gold_v16_40k_009085/after_0002.png,"(1280, 720)","(1280, 720)",False
1011e8f176b22bb0df43a914711f5b412d6ab3105692f936c44f8b306e9bb782,gold_v16_40k_009085__step_0001,recovery_assessment,CLICK,True,False,False,Look for the relevant information page for the next task step.,images/gold_v16_40k_009085/after_0002.png,images/gold_v16_40k_009085/after_0003.png,"(1280, 720)","(1280, 720)",False
266359243ebcff9deb38daa82e108222fbe4b17c20bf12fcf0a2990b8c34dbf0,gold_v16_40k_009102__step_0001,interaction_assessment,PRESS_KEY,True,False,False,Look for the requested interaction state for the next task step.,images/gold_v16_40k_009102/before_0002.png,images/gold_v16_40k_009102/after_0002.png,"(1280, 720)","(1280, 720)",True
72fb3d152a3b8ade9ef541bb3d3f5d26be3ccd83c86c2bf5936199716cefddff,gold_v16_40k_009142__step_0000,interaction_assessment,SELECT,True,False,False,Locate the requested page value for the current page objective.,images/gold_v16_40k_009142/before_0001.png,images/gold_v16_40k_009142/after_0001.png,"(1280, 720)","(1280, 720)",False
f54772ddbc8cbd03b16e7ad77fb2c0b2658ede5fa3627b029087c6b8a3a37cb3,gold_v16_40k_009142__step_0000,recovery_assessment,SELECT,True,False,False,Locate the requested page value for the current page objective.,images/gold_v16_40k_009142/after_0001.png,images/gold_v16_40k_009142/after_0002.png,"(1280, 720)","(1280, 720)",True
4a9e4b47524ee82a448bf30b90a2e3bce30382724a22e105be344047b3030e6f,gold_v16_40k_009213__step_0000,interaction_assessment,SELECT,True,False,False,Look for the requested page value for the current page objective.,images/gold_v16_40k_009213/before_0001.png,images/gold_v16_40k_009213/after_0001.png,"(1280, 720)","(1280, 720)",False
34f7663c54725cb52940ce58bd0a4173216ef60b620187ad0ec441bf971d56f9,gold_v16_40k_009213__step_0000,recovery_assessment,SELECT,True,False,False,Look for the requested page value for the current page objective.,images/gold_v16_40k_009213/after_0001.png,images/gold_v16_40k_009213/after_0002.png,"(1280, 720)","(1280, 720)",False
77a6fa84cf976621b6a1947ee5d1eebbf9ecae06e66dea89b5d7422c8d3fd295,gold_v16_40k_009254__step_0000,interaction_assessment,CLICK,True,False,False,Locate the relevant page content for the current page objective.,images/gold_v16_40k_009254/before_0001.png,images/gold_v16_40k_009254/after_0001.png,"(1280, 720)","(1280, 720)",False
668bf35fc569c165e711e9c6c9061e836876944910320b996ae3f89da07ff940,gold_v16_40k_009254__step_0000,recovery_assessment,CLICK,True,False,False,Locate the relevant page content for the current page objective.,images/gold_v16_40k_009254/after_0001.png,images/gold_v16_40k_009254/after_0002.png,"(1280, 720)","(1280, 720)",True
1d1b90645be8a126d85d7754fb5b5022d148516f68b115856d5c9b484142b244,gold_v16_40k_009303__step_0000,interaction_assessment,TYPE,True,False,False,Look for the requested lookup value for the requested result.,images/gold_v16_40k_009303/before_0001.png,images/gold_v16_40k_009303/after_0001.png,"(1280, 720)","(1280, 720)",False
9266d4fef2648c0b9e30d7e701655d6ae85ff66b5273a53816de99e97a47635d,gold_v16_40k_009360__step_0000,interaction_assessment,SCROLL,True,False,False,Locate the requested page section for the requested result.,images/gold_v16_40k_009360/before_0001.png,images/gold_v16_40k_009360/after_0001.png,"(1280, 720)","(1280, 720)",False
e5ee188d92a30ac9579aab6bbe7da425aec06fcc821b6b97a02b330e6957d5ba,gold_v16_40k_009445__step_0000,interaction_assessment,CLICK,True,False,False,Look for the target web resource for the current page objective.,images/gold_v16_40k_009445/before_0001.png,images/gold_v16_40k_009445/after_0001.png,"(1280, 720)","(1280, 720)",False
feacd939453bbd26d18193494c9a045789e1bb6bd6f908ac2e0a89a0456c4096,gold_v16_40k_009445__step_0000,recovery_assessment,NAVIGATE,True,False,False,Look for the target web resource for the current page objective.,images/gold_v16_40k_009445/after_0001.png,images/gold_v16_40k_009445/after_0002.png,"(1280, 720)","(1280, 720)",False
de126ef2fc5f2b242f065e275af986cabc590005290c32ed314c102c7c02f92b,gold_v16_40k_009626__step_0000,interaction_assessment,SCROLL,True,False,False,Locate the requested page section for the current page objective.,images/gold_v16_40k_009626/before_0001.png,images/gold_v16_40k_009626/after_0001.png,"(1280, 720)","(1280, 720)",False
85ed61c83b06e975534c59796926c2b2b572c08716bd115bae98a1994189dc4a,gold_v16_40k_009626__step_0000,recovery_assessment,SCROLL,True,False,False,Locate the requested page section for the current page objective.,images/gold_v16_40k_009626/after_0001.png,images/gold_v16_40k_009626/after_0002.png,"(1280, 720)","(1280, 720)",True
a7a8408a22a665fffe9e9cbcc25d6f136f7fda3539c3e44dc7662eb76e35a164,gold_v16_40k_010167__step_0000,interaction_assessment,CLICK,True,False,False,Locate the requested site information for the current task.,images/gold_v16_40k_010167/before_0001.png,images/gold_v16_40k_010167/after_0001.png,"(1280, 720)","(1280, 720)",False
a844074588581f287c000690e36b64d592fe4d9e2b582e12aff0350996a67b66,gold_v16_40k_010167__step_0000,recovery_assessment,NAVIGATE,True,False,False,Locate the requested site information for the current task.,images/gold_v16_40k_010167/after_0001.png,images/gold_v16_40k_010167/after_0002.png,"(1280, 720)","(1280, 720)",False
2a9d0ec048cff09adad2c01849114c7b889cfaa2501d43ff2ad65beaa6289e87,gold_v16_40k_010257__step_0001,interaction_assessment,NAVIGATE,True,False,False,Locate the relevant page content for the current task.,images/gold_v16_40k_010257/before_0002.png,images/gold_v16_40k_010257/after_0002.png,"(1280, 720)","(1280, 720)",False
67723d4c8e18819fb9aac0712b9da680567d40988886b38113ff950f5130ce80,gold_v16_40k_010257__step_0001,recovery_assessment,CLICK,True,False,False,Locate the relevant page content for the current task.,images/gold_v16_40k_010257/after_0002.png,images/gold_v16_40k_010257/after_0003.png,"(1280, 720)","(1280, 720)",True
7f99eed89dc9ff83c6edbbbf70812a8f3003c1978e3c1b5a6fdc87655c826fc8,gold_v16_40k_010353__step_0000,interaction_assessment,SELECT,True,False,False,Locate the target page state for the current task.,images/gold_v16_40k_010353/before_0001.png,images/gold_v16_40k_010353/after_0001.png,"(1280, 720)","(1280, 720)",False
bbe06ca64c5140d24b89c7d7d57621c0352460026568d62966ef3d91b747bcf7,gold_v16_40k_010353__step_0000,recovery_assessment,SELECT,True,False,False,Locate the target page state for the current task.,images/gold_v16_40k_010353/after_0001.png,images/gold_v16_40k_010353/after_0002.png,"(1280, 720)","(1280, 720)",False
33680f09c84a794635a895a84bf017b0f5f27641db93288a10dcb26807624b53,gold_v16_40k_010413__step_0000,interaction_assessment,PRESS_KEY,True,False,False,Look for the target page state for the current task.,images/gold_v16_40k_010413/before_0001.png,images/gold_v16_40k_010413/after_0001.png,"(1280, 720)","(1280, 720)",True
ae876a65ac83ef1216cd319a1114319f8cb64c542d9d36a44ed4ea9d0967c5a3,gold_v16_40k_010413__step_0000,recovery_assessment,PRESS_KEY,True,False,False,Look for the target page state for the current task.,images/gold_v16_40k_010413/after_0001.png,images/gold_v16_40k_010413/after_0002.png,"(1280, 720)","(1280, 720)",False
2a3c3d5a640a36b2bff72f8f872e32eee1cdbdce72eb58af5918eff86fbe6d93,gold_v16_40k_010416__step_0002,interaction_assessment,NAVIGATE,True,False,False,Look for the target web resource for the current task.,images/gold_v16_40k_010416/before_0003.png,images/gold_v16_40k_010416/after_0003.png,"(1280, 720)","(1280, 720)",False
0b27897ec11e7f60d150820d7bc3c57b8a295a3aff4aeeedc0e3cd83deeddb0d,gold_v16_40k_010469__step_0000,interaction_assessment,NAVIGATE,True,False,False,Locate the needed reference material for the current task.,images/gold_v16_40k_010469/before_0001.png,images/gold_v16_40k_010469/after_0001.png,"(1280, 720)","(1280, 720)",False
08fa056b7e03d4f23fe478386bf85a06fae88f9416c904d7f8b88cd3af89c44a,gold_v16_40k_010506__step_0001,interaction_assessment,NAVIGATE,True,False,False,Look for the needed reference material for the current task.,images/gold_v16_40k_010506/before_0002.png,images/gold_v16_40k_010506/after_0002.png,"(1280, 720)","(1280, 720)",False
c9373a3febcc2c3b3f143dfed53075119ae393ca702426f3655256d52fc548f0,gold_v16_40k_010506__step_0001,recovery_assessment,NAVIGATE,True,False,False,Look for the needed reference material for the current task.,images/gold_v16_40k_010506/after_0002.png,images/gold_v16_40k_010506/after_0003.png,"(1280, 720)","(1280, 720)",False
490c7f900bb71a6420d6dabb032be9b685878268a4d0a2d70e6428614c89cef4,gold_v16_40k_010536__step_0001,interaction_assessment,SCROLL,True,False,False,Locate the requested page section for the current task.,images/gold_v16_40k_010536/before_0002.png,images/gold_v16_40k_010536/after_0002.png,"(1280, 720)","(1280, 720)",False
537f18f5bfca0c43cb86b12f3d08bd12063455bc81bbe360cd861db8f3c6e5bc,gold_v16_40k_010649__step_0000,interaction_assessment,NAVIGATE,True,False,False,Locate the relevant project details for the current task.,images/gold_v16_40k_010649/before_0001.png,images/gold_v16_40k_010649/after_0001.png,"(1280, 720)","(1280, 720)",False
44a1d9003c7e383a604e63d3f1f352027c4ccb50137aea57f1a075b92338840c,gold_v16_40k_010686__step_0002,interaction_assessment,NAVIGATE,True,False,False,Look for the relevant project details for the current task.,images/gold_v16_40k_010686/before_0003.png,images/gold_v16_40k_010686/after_0003.png,"(1280, 720)","(1280, 720)",False
2dec010313f6a11855dfef9cde6e3fa7151b829b0f26cd67ec2d54644652f2f2,gold_v16_40k_010713__step_0000,interaction_assessment,SELECT,True,False,False,Locate the requested search state for the current task.,images/gold_v16_40k_010713/before_0001.png,images/gold_v16_40k_010713/after_0001.png,"(1280, 720)","(1280, 720)",False
24019e2f37fe6b17f0ef01017be442a4a4d7907e4973afecdd51addd7d89a51a,gold_v16_40k_010713__step_0000,recovery_assessment,SELECT,True,False,False,Locate the requested search state for the current task.,images/gold_v16_40k_010713/after_0001.png,images/gold_v16_40k_010713/after_0002.png,"(1280, 720)","(1280, 720)",False
75742fbba5d28dcfebe21c7833981c3556303e79220445f4c0710713169d704a,gold_v16_40k_010773__step_0000,interaction_assessment,PRESS_KEY,True,False,False,Look for the requested search state for the current task.,images/gold_v16_40k_010773/before_0001.png,images/gold_v16_40k_010773/after_0001.png,"(1280, 720)","(1280, 720)",True
99e6cfc7c28d7e8ebae1804879d7e6c7e5fec700f7864a659156e757e2784f7b,gold_v16_40k_010773__step_0000,recovery_assessment,PRESS_KEY,True,False,False,Look for the requested search state for the current task.,images/gold_v16_40k_010773/after_0001.png,images/gold_v16_40k_010773/after_0002.png,"(1280, 720)","(1280, 720)",False
466f7407f5b094662deabbc0c13cee2558d6277af624b0f5af24785e189b2303,gold_v16_40k_010890__step_0000,interaction_assessment,TYPE,True,False,False,Locate the needed form setting for the current task.,images/gold_v16_40k_010890/before_0001.png,images/gold_v16_40k_010890/after_0001.png,"(1280, 720)","(1280, 720)",False
bd7642b4f3dc662d31abf2d6f561134f3cc814b5babf22b51c88407a8d1b2d36,gold_v16_40k_010890__step_0000,recovery_assessment,TYPE,True,False,False,Locate the needed form setting for the current task.,images/gold_v16_40k_010890/after_0001.png,images/gold_v16_40k_010890/after_0002.png,"(1280, 720)","(1280, 720)",False
1f4f26490a43b442354a976e82e6cd25c78e36939c18797a1cc11a219383b647,gold_v16_40k_011067__step_0002,interaction_assessment,CLICK,True,False,False,Locate the requested site information for the requested result.,images/gold_v16_40k_011067/before_0003.png,images/gold_v16_40k_011067/after_0003.png,"(1280, 720)","(1280, 720)",True
9be3aa7b5d5528c08e09d0e9abd5087826aa11f62131c1f62647f7e3df67cee1,gold_v16_40k_011136__step_0000,interaction_assessment,NAVIGATE,True,False,False,Look for the requested site information for the requested result.,images/gold_v16_40k_011136/before_0001.png,images/gold_v16_40k_011136/after_0001.png,"(1280, 720)","(1280, 720)",False
fcdbcac1a6a71c1c7f7b0a4a647da397a7b92277b4f2507c6569bd56cbbeb810,gold_v16_40k_011136__step_0000,recovery_assessment,NAVIGATE,True,False,False,Look for the requested site information for the requested result.,images/gold_v16_40k_011136/after_0001.png,images/gold_v16_40k_011136/after_0002.png,"(1280, 720)","(1280, 720)",False
e72cd6645e0f950ee48bc16805efa0c8cc856d9b8697295e314cb6bfb92c3c56,gold_v16_40k_011427__step_0000,interaction_assessment,CLICK,True,False,False,Locate the requested page section for the requested result.,images/gold_v16_40k_011427/before_0001.png,images/gold_v16_40k_011427/after_0001.png,"(1280, 720)","(1280, 720)",False
08bf8cc60254a88f8a5e61a72f7015c98ddd8a012d15e9e3d4e7574611fc4905,gold_v16_40k_011427__step_0000,recovery_assessment,NAVIGATE,True,False,False,Locate the requested page section for the requested result.,images/gold_v16_40k_011427/after_0001.png,images/gold_v16_40k_011427/after_0002.png,"(1280, 720)","(1280, 720)",False
cd1dcf9cbdb79a41edc6fa8ef34c536579fbf8563c3a8dc2c4f159a31d5e2625,gold_v16_40k_011436__step_0001,interaction_assessment,SCROLL,True,False,False,Locate the requested page section for the requested result.,images/gold_v16_40k_011436/before_0002.png,images/gold_v16_40k_011436/after_0002.png,"(1280, 720)","(1280, 720)",False
a238245045b4b1f8aea22e86ea47fdd3c3976070f3d88236a1d7a36e219e66b2,gold_v16_40k_011467__step_0000,interaction_assessment,SELECT,True,False,False,Look for the requested search state for this page goal.,images/gold_v16_40k_011467/before_0001.png,images/gold_v16_40k_011467/after_0001.png,"(1280, 720)","(1280, 720)",False
21e23369b34168b8845402229ae6bd5fb9ccb710370eb2a7abffbda328ac99dc,gold_v16_40k_011483__step_0000,interaction_assessment,TYPE,True,False,False,Look for the needed page setting for the requested result.,images/gold_v16_40k_011483/before_0001.png,images/gold_v16_40k_011483/after_0001.png,"(1280, 720)","(1280, 720)",False
724582b9ec1fe892f910d2f96264d267e835f07cda95cc545c4c376459ae6e4b,gold_v16_40k_011583__step_0000,interaction_assessment,PRESS_KEY,True,False,False,Look for the target form state for the requested result.,images/gold_v16_40k_011583/before_0001.png,images/gold_v16_40k_011583/after_0001.png,"(1280, 720)","(1280, 720)",True
9099c1fec492291d7c20556bd93c63aca96cacb1ac0bb4443572059afa50b5b1,gold_v16_40k_011583__step_0000,recovery_assessment,PRESS_KEY,True,False,False,Look for the target form state for the requested result.,images/gold_v16_40k_011583/after_0001.png,images/gold_v16_40k_011583/after_0002.png,"(1280, 720)","(1280, 720)",False
e4f7b9f1eefa0cfe7790c9b2049921b89ba4ee583ac0f2260264aaf36f78d726,gold_v16_40k_011796__step_0000,interaction_assessment,SCROLL,True,False,False,Locate the requested reference content for the requested result.,images/gold_v16_40k_011796/before_0001.png,images/gold_v16_40k_011796/after_0001.png,"(1280, 720)","(1280, 720)",False
4800ec5cf7bbad4f68da83e1606c88b5725b875e6c9f6c20844c2ee2fbf26e01,gold_v16_40k_011796__step_0000,recovery_assessment,SCROLL,True,False,False,Locate the requested reference content for the requested result.,images/gold_v16_40k_011796/after_0001.png,images/gold_v16_40k_011796/after_0002.png,"(1280, 720)","(1280, 720)",False
022e8960d6b77f2f4daa45807eb4f61c85ffda5f57d509d6774ecd382d369ae0,gold_v16_40k_011843__step_0000,interaction_assessment,TYPE,True,False,False,Look for the needed form setting for the requested result.,images/gold_v16_40k_011843/before_0001.png,images/gold_v16_40k_011843/after_0001.png,"(1280, 720)","(1280, 720)",False
0171c7c9bb29da3b5c9547a16c840a00d0a16c540f4dd7c19c4cbf1391810a29,gold_v16_40k_012147__step_0002,interaction_assessment,CLICK,True,False,False,Locate the target web resource for this page goal.,images/gold_v16_40k_012147/before_0003.png,images/gold_v16_40k_012147/after_0003.png,"(1280, 720)","(1280, 720)",False
a7146ab762bc429fd68e47f52e855ef1f10c3f268487d8a5789963ecf002cb7a,gold_v16_40k_012417__step_0002,interaction_assessment,CLICK,True,False,False,Locate the relevant project details for this page goal.,images/gold_v16_40k_012417/before_0003.png,images/gold_v16_40k_012417/after_0003.png,"(1280, 720)","(1280, 720)",False
0842df7308b99fe04ff73093e03dafbf2952f26a809a0c3dffd04a483f0e2208,gold_v16_40k_012507__step_0000,interaction_assessment,CLICK,True,False,False,Locate the target information area for this page goal.,images/gold_v16_40k_012507/before_0001.png,images/gold_v16_40k_012507/after_0001.png,"(1280, 720)","(1280, 720)",False
5a827b5b473b71eab5bde7903d45ef94f5086b546835ee774993735510aa53aa,gold_v16_40k_012507__step_0000,recovery_assessment,NAVIGATE,True,False,False,Locate the target information area for this page goal.,images/gold_v16_40k_012507/after_0001.png,images/gold_v16_40k_012507/after_0002.png,"(1280, 720)","(1280, 720)",False
d94c6e75e798d8771b38c39c5967b9c4bb52636c358dd415b0939a021a6530ed,gold_v16_40k_012510__step_0000,interaction_assessment,TYPE,True,False,False,Locate the requested search state for this page goal.,images/gold_v16_40k_012510/before_0001.png,images/gold_v16_40k_012510/after_0001.png,"(1280, 720)","(1280, 720)",True
449cd55062af689b5faf4fd8e497ea6b5857d713bc3fd006594f9d93d508ce8a,gold_v16_40k_012510__step_0000,recovery_assessment,TYPE,True,False,False,Locate the requested search state for this page goal.,images/gold_v16_40k_012510/after_0001.png,images/gold_v16_40k_012510/after_0002.png,"(1280, 720)","(1280, 720)",True
679e4094ea8385d9a5fe6a409a39eda7b7663484637d268f7bb69ed6cfe22fe9,gold_v16_40k_012566__step_0000,interaction_assessment,SELECT,True,False,False,Look for the requested search state for this page goal.,images/gold_v16_40k_012566/before_0001.png,images/gold_v16_40k_012566/after_0001.png,"(1280, 720)","(1280, 720)",False
3f3e868f5565fbbb3811fd1b9eef96974cf4de27271c40789cef0974ae4ded3c,gold_v16_40k_012603__step_0000,interaction_assessment,SELECT,True,False,False,Locate the relevant page value for this page goal.,images/gold_v16_40k_012603/before_0001.png,images/gold_v16_40k_012603/after_0001.png,"(1280, 720)","(1280, 720)",False
9d30fec40af5208d6eb4db593516e4d2f37666ccd45e2378c9b37512d254e286,gold_v16_40k_012603__step_0000,recovery_assessment,SELECT,True,False,False,Locate the relevant page value for this page goal.,images/gold_v16_40k_012603/after_0001.png,images/gold_v16_40k_012603/after_0002.png,"(1280, 720)","(1280, 720)",False
85ebf404868582d23760fa63e143f9a520900d2d86b1555cd43899be328ef93a,gold_v16_40k_012629__step_0000,interaction_assessment,NAVIGATE,True,False,False,Locate the needed site resource for this page goal.,images/gold_v16_40k_012629/before_0001.png,images/gold_v16_40k_012629/after_0001.png,"(1280, 720)","(1280, 720)",False
e1a000d3c27882ff089c83d241490b3693d9aecfffa68a50a1b779461f4b05ae,gold_v16_40k_012663__step_0000,interaction_assessment,PRESS_KEY,True,False,False,Look for the relevant page value for this page goal.,images/gold_v16_40k_012663/before_0001.png,images/gold_v16_40k_012663/after_0001.png,"(1280, 720)","(1280, 720)",False
3231d47fe5d6fc89b71db0dea575da5a38daa1049f625ffa4cf3a4326c7cd3a5,gold_v16_40k_012663__step_0000,recovery_assessment,PRESS_KEY,True,False,False,Look for the relevant page value for this page goal.,images/gold_v16_40k_012663/after_0001.png,images/gold_v16_40k_012663/after_0002.png,"(1280, 720)","(1280, 720)",False
2e62a90eb3514059829d33714f8827260bdb7986d94d62b3612ca822f8f077fd,gold_v16_40k_012708__step_0000,interaction_assessment,SELECT,True,False,False,Locate the needed form setting for this page goal.,images/gold_v16_40k_012708/before_0001.png,images/gold_v16_40k_012708/after_0001.png,"(1280, 720)","(1280, 720)",True
665465d9f748a22a325228bc916f8209a338ba5ba2cc86741e3f66983024c9b2,gold_v16_40k_012824__step_0000,interaction_assessment,CLICK,True,False,False,Locate the relevant information page for this page goal.,images/gold_v16_40k_012824/before_0001.png,images/gold_v16_40k_012824/after_0001.png,"(1280, 720)","(1280, 720)",False
a286903a30fccebf9937b750eede6c2e3626474f7be10b597d2fb79037a40f0c,gold_v16_40k_012826__step_0000,interaction_assessment,TYPE,True,False,False,Locate the requested interaction state for this page goal.,images/gold_v16_40k_012826/before_0001.png,images/gold_v16_40k_012826/after_0001.png,"(1280, 720)","(1280, 720)",True
1a73ce4a1a592de7c9820dc580a4a9ce93d7ef5cb662d5e6377b526b2659ca18,gold_v16_40k_014093__step_0000,interaction_assessment,NAVIGATE,True,False,False,Locate the relevant project details for the current page objective.,images/gold_v16_40k_014093/before_0001.png,images/gold_v16_40k_014093/after_0001.png,"(1280, 720)","(1280, 720)",False
4c5c62c2f7867047b0c4f0dac33e28a5cc35f1151dc06b78e5c1e3a06d429e8e,gold_v16_40k_014153__step_0000,interaction_assessment,NAVIGATE,True,False,False,Look for the relevant project details for the current page objective.,images/gold_v16_40k_014153/before_0001.png,images/gold_v16_40k_014153/after_0001.png,"(1280, 720)","(1280, 720)",False
ba5bc7848b19e31968a8680cd90b71ff9bf0ba0532fe62dc89a03da6f6791790,gold_v16_40k_014270__step_0000,interaction_assessment,SCROLL,True,False,False,Locate the relevant page content for the current page objective.,images/gold_v16_40k_014270/before_0001.png,images/gold_v16_40k_014270/after_0001.png,"(1280, 720)","(1280, 720)",False
f09a014816f1df1ce85e423a24c2300129ea084b286fa2854634b0b9936ee81e,gold_v16_40k_014584__step_0000,interaction_assessment,PRESS_KEY,True,False,False,Look for the requested lookup value for the current page objective.,images/gold_v16_40k_014584/before_0001.png,images/gold_v16_40k_014584/after_0001.png,"(1280, 720)","(1280, 720)",False
5c42dc2024ea40c22448acbfe23f50b14f50e25cf9f1a956a940b5c06169373e,gold_v16_40k_015486__step_0000,interaction_assessment,NAVIGATE,True,False,False,Locate the relevant page content for the current task.,images/gold_v16_40k_015486/before_0001.png,images/gold_v16_40k_015486/after_0001.png,"(1280, 720)","(1280, 720)",False
2b55aaf6f7afffac53aac6cfe2c9282dcee60f5f54528fd1abe40cba2a0d6c8f,gold_v16_40k_016131__step_0000,interaction_assessment,PRESS_KEY,True,False,False,Locate the target page state for the requested result.,images/gold_v16_40k_016131/before_0001.png,images/gold_v16_40k_016131/after_0001.png,"(1280, 720)","(1280, 720)",False
817cbe2308d768914be6a4f14ec8ca8fa76999135aa350c87e3848621d99be78,gold_v16_40k_016307__step_0000,interaction_assessment,SELECT,True,False,False,Look for the requested lookup value for the requested result.,images/gold_v16_40k_016307/before_0001.png,images/gold_v16_40k_016307/after_0001.png,"(1280, 720)","(1280, 720)",False
0f4566cb68cbce0ddff63be59ebf57f4bc38fafe579e9ceb2cf95675c9fb7d20,gold_v16_40k_016428__step_0000,interaction_assessment,SELECT,True,False,False,Locate the requested interaction state for the current task.,images/gold_v16_40k_016428/before_0001.png,images/gold_v16_40k_016428/after_0001.png,"(1280, 720)","(1280, 720)",False
ca7d1ae19ba3015de38397d47861df52a5d5cb5c110482bb7f478b4314e19e39,gold_v16_40k_016711__step_0000,interaction_assessment,CLICK,True,False,False,Locate the needed site resource for the requested result.,images/gold_v16_40k_016711/before_0001.png,images/gold_v16_40k_016711/after_0001.png,"(1280, 720)","(1280, 720)",False
26485d5bf40665489785f833812ac5a7edbba51bb892873135cee88d11960734,gold_v16_40k_016731__step_0000,interaction_assessment,PRESS_KEY,True,False,False,Locate the relevant page value for the requested result.,images/gold_v16_40k_016731/before_0001.png,images/gold_v16_40k_016731/after_0001.png,"(1280, 720)","(1280, 720)",False
ce001a85dc78230d4457c4812be203e47607388543c903ec535cc941bba6bcf5,gold_v16_40k_016971__step_0000,interaction_assessment,PRESS_KEY,True,False,False,Locate the requested interaction state for the requested result.,images/gold_v16_40k_016971/before_0001.png,images/gold_v16_40k_016971/after_0001.png,"(1280, 720)","(1280, 720)",False
a4d26830f33c290449cd297d14f306da898fab65fc8d8fa69b0f9223567b0ff8,gold_v16_40k_017086__step_0000,interaction_assessment,TYPE,True,False,False,Look for the needed page setting for the requested result.,images/gold_v16_40k_017086/before_0001.png,images/gold_v16_40k_017086/after_0001.png,"(1280, 720)","(1280, 720)",True
95c4f93476d27fec6ec0ccf2a5eeffaa1576f7b43c6f5828b04aa9e8a8735d9d,gold_v16_40k_017267__step_0000,interaction_assessment,SELECT,True,False,False,Look for the required page preference for this page goal.,images/gold_v16_40k_017267/before_0001.png,images/gold_v16_40k_017267/after_0001.png,"(1280, 720)","(1280, 720)",False
3ffcf3034ec8271d17e439116311e8ed64b252e91ea3083bfc4b2a159583519f,gold_v16_40k_017390__step_0000,interaction_assessment,SCROLL,True,False,False,Locate the needed site resource for the requested result.,images/gold_v16_40k_017390/before_0001.png,images/gold_v16_40k_017390/after_0001.png,"(1280, 720)","(1280, 720)",False
b98eacd3f45bdc9a19c5b0bcaf2ef5aba560887efb2dd9d028337426a5d80260,gold_v16_40k_017568__step_0000,interaction_assessment,SELECT,True,False,False,Look for the needed form setting for the requested result.,images/gold_v16_40k_017568/before_0001.png,images/gold_v16_40k_017568/after_0001.png,"(1280, 720)","(1280, 720)",False
c79498f28c03bc3bdc948899d6dcb12a141fc99d1709f9d699480e89ab9ce377,gold_v16_40k_017613__step_0000,interaction_assessment,TYPE,True,False,False,Look for the needed page setting for this page goal.,images/gold_v16_40k_017613/before_0001.png,images/gold_v16_40k_017613/after_0001.png,"(1280, 720)","(1280, 720)",False
af6165770caec5bb4039ca064390cbf89e15256af256e2e5927f4d3a2f68667a,gold_v16_40k_018106__step_0000,interaction_assessment,TYPE,True,False,False,Locate the requested lookup value for this page goal.,images/gold_v16_40k_018106/before_0001.png,images/gold_v16_40k_018106/after_0001.png,"(1280, 720)","(1280, 720)",False
3e72a7f3670b822cdcbad558fba712d2896e1fc2269b90b96f58decb9f788ab3,gold_v16_40k_018226__step_0000,interaction_assessment,TYPE,True,False,False,Locate the needed page setting for this page goal.,images/gold_v16_40k_018226/before_0001.png,images/gold_v16_40k_018226/after_0001.png,"(1280, 720)","(1280, 720)",False
06f6ea23a996ec13bd895bed31a232e1e6daab40e55b878a89e2e23672621009,gold_v16_40k_018588__step_0000,interaction_assessment,SELECT,True,False,False,Locate the relevant page value for this page goal.,images/gold_v16_40k_018588/before_0001.png,images/gold_v16_40k_018588/after_0001.png,"(1280, 720)","(1280, 720)",True
5c8c365ea2c33e258431d27f403d5a6a4e3f6780f4c57dc62a0b000bc58e0bc5,gold_v16_40k_019008__step_0000,interaction_assessment,SELECT,True,False,False,Look for the requested page value for the next task step.,images/gold_v16_40k_019008/before_0001.png,images/gold_v16_40k_019008/after_0001.png,"(1280, 720)","(1280, 720)",True
9e3fce809e5f76c2d41d2a2e5999ac4faf43a67788389da7ce6ec8f0bbaf8977,gold_v16_40k_019129__step_0000,interaction_assessment,SCROLL,True,False,False,Locate the needed site resource for the next task step.,images/gold_v16_40k_019129/before_0001.png,images/gold_v16_40k_019129/after_0001.png,"(1280, 720)","(1280, 720)",False
b1f380d0112b4b22787b094991ef91f1ac69346fbe7d04c25d41187a72c6c3b7,gold_v16_40k_019547__step_0000,interaction_assessment,SELECT,True,False,False,Look for the requested page value for the current page objective.,images/gold_v16_40k_019547/before_0001.png,images/gold_v16_40k_019547/after_0001.png,"(1280, 720)","(1280, 720)",False
8d6adf05903ff3be2e7c23399ace862d789385ed299e45c96f9cf35ef82a9e70,gold_v16_40k_020573__step_0000,interaction_assessment,NAVIGATE,True,False,False,Locate the relevant information page for the current page objective.,images/gold_v16_40k_020573/before_0001.png,images/gold_v16_40k_020573/after_0001.png,"(1280, 720)","(1280, 720)",False
164facd53302fecd9f1da06262cfbf7bf47be323c4c73783e31b6b7bc9b3e19c,gold_v16_40k_020807__step_0000,interaction_assessment,SELECT,True,False,False,Locate the required page preference for the current task.,images/gold_v16_40k_020807/before_0001.png,images/gold_v16_40k_020807/after_0001.png,"(1280, 720)","(1280, 720)",False
6b18eba144c3e8dff2e64d79e78a3047832793567e58db75d773f21bf6a3fd80,gold_v16_40k_021224__step_0000,interaction_assessment,CLICK,True,False,False,Locate the relevant information page for the current page objective.,images/gold_v16_40k_021224/before_0001.png,images/gold_v16_40k_021224/after_0001.png,"(1280, 720)","(1280, 720)",False
e8517571b4918d8988be9e4d719ec764f68a113007eece418f4e8fae85d051fa,gold_v16_40k_021830__step_0000,interaction_assessment,SCROLL,True,False,False,Locate the requested page section for the current task.,images/gold_v16_40k_021830/before_0001.png,images/gold_v16_40k_021830/after_0001.png,"(1280, 720)","(1280, 720)",False
12a0c11cb71b24a1a280871fcedd992fa52c12b024a02b29242dd6fb516425b0,gold_v16_40k_022550__step_0000,interaction_assessment,SCROLL,True,False,False,Locate the requested site information for the requested result.,images/gold_v16_40k_022550/before_0001.png,images/gold_v16_40k_022550/after_0001.png,"(1280, 720)","(1280, 720)",False
22943dcc1acce876c3c547063e2fb189ec992a51f6d5e15e10b9d48e0ab23246,gold_v16_40k_022719__step_0000,interaction_assessment,CLICK,True,False,False,Look for the needed site resource for the requested result.,images/gold_v16_40k_022719/before_0001.png,images/gold_v16_40k_022719/after_0001.png,"(1280, 720)","(1280, 720)",False
f12b6560a20574755fd52412302f9a29d733f33c59cccb8bec555aa1e93490bf,gold_v16_40k_023359__step_0000,interaction_assessment,PRESS_KEY,True,False,False,Locate the needed form setting for this page goal.,images/gold_v16_40k_023359/before_0001.png,images/gold_v16_40k_023359/after_0001.png,"(1280, 720)","(1280, 720)",False
f5180386126f9fb4e76db8966798af80f800801f5fbf39af4a743d49e5ae8639,gold_v16_40k_023689__step_0000,interaction_assessment,PRESS_KEY,True,False,False,Look for the requested lookup value for the next task step.,images/gold_v16_40k_023689/before_0001.png,images/gold_v16_40k_023689/after_0001.png,"(1280, 720)","(1280, 720)",False
5d49ebaf12d84d9012267c1b2b32e212cb57d2f3110a625a200b01ebc89ea6c3,gold_v16_40k_023929__step_0000,interaction_assessment,PRESS_KEY,True,False,False,Look for the relevant page value for the next task step.,images/gold_v16_40k_023929/before_0001.png,images/gold_v16_40k_023929/after_0001.png,"(1280, 720)","(1280, 720)",False
ed13f4c6ee4a3a868dc2bbf1576663d817029c6c785b7f28648aa4e5b1943f5c,gold_v16_40k_024009__step_0000,interaction_assessment,CLICK,True,False,False,Locate the relevant information page for the next task step.,images/gold_v16_40k_024009/before_0001.png,images/gold_v16_40k_024009/after_0001.png,"(1280, 720)","(1280, 720)",False
61bc4de933807c7d04d2e539424dde6412c378bda72a1aa792bcac95a6e38aa0,gold_v16_40k_024048__step_0000,interaction_assessment,SCROLL,True,False,False,Look for the relevant information page for the next task step.,images/gold_v16_40k_024048/before_0001.png,images/gold_v16_40k_024048/after_0001.png,"(1280, 720)","(1280, 720)",False
b27e15aec80a546d3b56002dda047055bb8101b3ff705f1dab36e4317ec97ab3,gold_v16_40k_024437__step_0000,interaction_assessment,SELECT,True,False,False,Locate the requested search state for the current page objective.,images/gold_v16_40k_024437/before_0001.png,images/gold_v16_40k_024437/after_0001.png,"(1280, 720)","(1280, 720)",False
9a23ef4bf426b443c2663dcdc5bfcb5d2cbad0f7f713eaca3521014ff7636ce5,gold_v16_40k_024497__step_0000,interaction_assessment,SELECT,True,False,False,Locate the relevant page value for the current page objective.,images/gold_v16_40k_024497/before_0001.png,images/gold_v16_40k_024497/after_0001.png,"(1280, 720)","(1280, 720)",False
b62b007a6ac637ddb80a907c408142fe6d5fd5de742364efbd4613372a47f26b,gold_v16_40k_024647__step_0000,interaction_assessment,SELECT,True,False,False,Look for the requested interaction state for the current page objective.,images/gold_v16_40k_024647/before_0001.png,images/gold_v16_40k_024647/after_0001.png,"(1280, 720)","(1280, 720)",False
9ce67f61bab736412ff78c84b9eb3af8dc89819acdd962a88b395e1cbd84d433,gold_v16_40k_024889__step_0000,interaction_assessment,PRESS_KEY,True,False,False,Look for the requested lookup value for the current task.,images/gold_v16_40k_024889/before_0001.png,images/gold_v16_40k_024889/after_0001.png,"(1280, 720)","(1280, 720)",False
a9064592b14a67990c874b07a6b7201d54b3998890ef82f5f80a659abc4c5f4d,gold_v16_40k_025369__step_0000,interaction_assessment,PRESS_KEY,True,False,False,Look for the required page preference for the requested result.,images/gold_v16_40k_025369/before_0001.png,images/gold_v16_40k_025369/after_0001.png,"(1280, 720)","(1280, 720)",False
709809dfe9de277923ee53e8a09d02ec1d2b63a87e770a0e3c33a028bad1e10d,gold_v16_40k_025390__step_0000,interaction_assessment,TYPE,True,False,False,Locate the target page state for the requested result.,images/gold_v16_40k_025390/before_0001.png,images/gold_v16_40k_025390/after_0001.png,"(1280, 720)","(1280, 720)",False
c96ca8ad780c28bb2dc21666901ba145ea6ee959070ea425954bd70184d65a24,gold_v16_40k_025459__step_0000,interaction_assessment,PRESS_KEY,True,False,False,Locate the requested lookup value for the requested result.,images/gold_v16_40k_025459/before_0001.png,images/gold_v16_40k_025459/after_0001.png,"(1280, 720)","(1280, 720)",False
40807e7a19ed423bbb6a34cbefd56459c634d290acf1048b38e0f354d9201d9b,gold_v16_40k_025608__step_0000,interaction_assessment,SCROLL,True,False,False,Look for the relevant project details for the requested result.,images/gold_v16_40k_025608/before_0001.png,images/gold_v16_40k_025608/after_0001.png,"(1280, 720)","(1280, 720)",False
d2dcf4c7e031b3dc2d3c1350a21e9be481ebf43ff765424b6ddce8e1340d644e,gold_v16_40k_025629__step_0000,interaction_assessment,CLICK,True,False,False,Locate the target information area for the requested result.,images/gold_v16_40k_025629/before_0001.png,images/gold_v16_40k_025629/after_0001.png,"(1280, 720)","(1280, 720)",False
ba40577d135f8eb21ba6888147a1ad857ac90d7833cc9be67e71ad23fc54aa18,gold_v16_40k_025750__step_0000,interaction_assessment,TYPE,True,False,False,Locate the needed form setting for the requested result.,images/gold_v16_40k_025750/before_0001.png,images/gold_v16_40k_025750/after_0001.png,"(1280, 720)","(1280, 720)",False
dcb9b4f4fd73a83fd6ba728a1a454c701ff9ca84b35da08b779ec37afe34c333,gold_v16_40k_026680__step_0000,interaction_assessment,TYPE,True,False,False,Look for the requested lookup value for the next task step.,images/gold_v16_40k_026680/before_0001.png,images/gold_v16_40k_026680/after_0001.png,"(1280, 720)","(1280, 720)",False
f9415122958214fe180c9a1bc319d3495ddad8dd929bf782ff51be6085c72956,gold_v16_40k_026769__step_0000,interaction_assessment,CLICK,True,False,False,Locate the relevant project details for the next task step.,images/gold_v16_40k_026769/before_0001.png,images/gold_v16_40k_026769/after_0001.png,"(1280, 720)","(1280, 720)",False
913d5a7005390562f811776845246f8290007234f5ba280b9d185a5809c5bba1,gold_v16_40k_027440__step_0000,interaction_assessment,NAVIGATE,True,False,False,Locate the target information area for the current page objective.,images/gold_v16_40k_027440/before_0001.png,images/gold_v16_40k_027440/after_0001.png,"(1280, 720)","(1280, 720)",False
d11d61bb0e7c7a927132ef007a4af0938ac2a07b00849a91f1504499145902b9,gold_v16_40k_028037__step_0000,interaction_assessment,SELECT,True,False,False,Locate the requested search state for the current task.,images/gold_v16_40k_028037/before_0001.png,images/gold_v16_40k_028037/after_0001.png,"(1280, 720)","(1280, 720)",False
959573b786d0aa9f72c2e1c7ff1aff9dffba4e1e8fb517a51fd0255c66defaad,gold_v16_40k_028098__step_0000,interaction_assessment,SCROLL,True,False,False,Locate the needed site resource for the current task.,images/gold_v16_40k_028098/before_0001.png,images/gold_v16_40k_028098/after_0001.png,"(1280, 720)","(1280, 720)",False
307be74f0e83a7f25a3f1ea52735180eb2625c29931b9e5c381dc3374099a401,gold_v16_40k_028150__step_0000,interaction_assessment,TYPE,True,False,False,Locate the needed form setting for the current task.,images/gold_v16_40k_028150/before_0001.png,images/gold_v16_40k_028150/after_0001.png,"(1280, 720)","(1280, 720)",False
d1e24115bc02d44b0435a7d6615db95bac0185c6192f5a4b835253015cc86e1c,gold_v16_40k_028280__step_0000,interaction_assessment,NAVIGATE,True,False,False,Locate the requested site information for the requested result.,images/gold_v16_40k_028280/before_0001.png,images/gold_v16_40k_028280/after_0001.png,"(1280, 720)","(1280, 720)",False
a9bf91ee2758b50787316ec5d543750a97ef17a06426d4658c7f5204b8793172,gold_v16_40k_028929__step_0000,interaction_assessment,CLICK,True,False,False,Locate the relevant page content for this page goal.,images/gold_v16_40k_028929/before_0001.png,images/gold_v16_40k_028929/after_0001.png,"(1280, 720)","(1280, 720)",False
76a83de9d85624a67f7cf36a39dff5ad5b2908fa6aab53029027693d80d11816,gold_v16_40k_029088__step_0000,interaction_assessment,SCROLL,True,False,False,Look for the needed reference material for this page goal.,images/gold_v16_40k_029088/before_0001.png,images/gold_v16_40k_029088/after_0001.png,"(1280, 720)","(1280, 720)",True
39f6cef1840575a75530af57c177537d23bdb9bbd754eec41ac6b258b4c9b60d,gold_v16_40k_029388__step_0000,interaction_assessment,SCROLL,True,False,False,Look for the requested reference content for this page goal.,images/gold_v16_40k_029388/before_0001.png,images/gold_v16_40k_029388/after_0001.png,"(1280, 720)","(1280, 720)",True
